,Local.Modularity,Clustering.Coef,Participation.Coef,Within.Module.Z.Degree,Participant.Manifold.Eccentricity,Global.Modularity,Transitivity,Char.Path.Length,Timepoint,subid
0,5.595,0.001639500494962484,0.5329033702708448,4.463096558993129e-16,0.04797823817826662,0.6962924316280876,0.0016395004949624843,0.007798850182227764,bas1,sub-A00018030
1,4.555,0.00165318994061728,0.5262871993920971,-5.10702591327572e-17,0.04789158529955891,0.7006990778300008,0.0016531899406172802,0.007781782548737536,bas1,sub-A00027159
2,4.565,0.0016711637841386835,0.5212192023846686,-1.1268763699945338e-16,0.04773166824660567,0.6982463278390376,0.0016711637841386837,0.007740661959079699,bas1,sub-A00027439
3,4.73,0.0015695828423817923,0.5254862717668997,-6.661338147750939e-18,0.04759017051270557,0.6983457396452117,0.0015695828423817934,0.007704636701566358,bas1,sub-A00027443
4,5.94,0.0017135366593549462,0.5350681422290995,1.4599432773820808e-16,0.04803557166454186,0.6900110556387176,0.001713536659354946,0.007761683073442553,bas1,sub-A00030980
5,4.54,0.0017204840584785369,0.5402588157443325,1.1102230246251566e-17,0.048863989980678646,0.7105678812826185,0.0017204840584785365,0.007775737778891003,bas1,sub-A00030981
6,4.58,0.0015166011165776894,0.5422531784152974,-2.0219936835985664e-16,0.049940352478304556,0.7204421767515458,0.0015166011165776885,0.007595060769345174,bas1,sub-A00031219
7,5.22,0.0016421371313186661,0.5326401698655305,4.9960036108132046e-17,0.04758777246138125,0.6875647669774028,0.0016421371313186676,0.007753321683747107,bas1,sub-A00031411
8,6.545,0.0015851717616587949,0.5345719685430992,-5.362377208939506e-16,0.04812268649645745,0.6923332399893624,0.0015851717616587942,0.007795233835341998,bas1,sub-A00031578
9,5.45,0.0015884406907790468,0.5191491630049186,1.176836406102666e-16,0.04708439153851891,0.7006624765149303,0.0015884406907790453,0.0077064287582705015,bas1,sub-A00031881
10,5.495,0.0016050059938263073,0.5401393298792603,7.788214517745473e-16,0.04814888117281147,0.6955497393746787,0.0016050059938263082,0.007717695376379841,bas1,sub-A00032008
11,5.715,0.0016245648339424516,0.5227958009194595,-4.4408920985006264e-17,0.04702819166141923,0.7005663799613617,0.001624564833942451,0.007717279786243961,bas1,sub-A00032817
12,5.59,0.0015886157432976396,0.5250768680061898,5.762057497804563e-16,0.04762074262758954,0.697907571551706,0.0015886157432976405,0.007741140426405795,bas1,sub-A00033714
13,4.935,0.0016806539354631705,0.5330285853419086,-3.5027536426923687e-16,0.04805520335036385,0.6966509042777318,0.0016806539354631705,0.00774569042259744,bas1,sub-A00034073
14,4.535,0.001694484525741408,0.5410432820729838,2.8477220581635265e-16,0.04835541901676579,0.6893001117053733,0.0016944845257414074,0.007834310975168448,bas1,sub-A00034074
15,5.525,0.0015942459457774201,0.5267234434454138,-1.7985612998927537e-16,0.0466248330220266,0.6991202441232589,0.0015942459457774208,0.007664080295313702,bas1,sub-A00034350
16,5.495,0.0016144716568423693,0.5362401267928385,-1.0547118733938987e-15,0.047686876132166774,0.7025660776708699,0.00161447165684237,0.007594155737915075,bas1,sub-A00035291
17,4.915,0.001592432581341786,0.5246743409489103,3.097522238704187e-16,0.04634139030412439,0.6841963820503221,0.0015924325813417863,0.007692510737127549,bas1,sub-A00035292
18,5.615,0.0015185437454554624,0.5210798669101446,1.249000902703301e-16,0.04809452540217776,0.7025416166797552,0.001518543745455463,0.007704880285212461,bas1,sub-A00035364
19,4.59,0.0015791237044274007,0.518174622566331,-4.0745185003743244e-16,0.04768815492911137,0.7109458129699353,0.0015791237044274014,0.007704885758187049,bas1,sub-A00035377
20,5.32,0.0016287180182699562,0.5261941197812714,7.982503547054876e-16,0.04731791736720955,0.7002514514774258,0.0016287180182699566,0.007711612749919629,bas1,sub-A00035561
21,4.83,0.0016434019481003244,0.5365154348519711,1.1002310174035301e-15,0.0487914658218441,0.7040739383551374,0.0016434019481003255,0.007857248875232285,bas1,sub-A00035869
22,6.175,0.0015763341628532257,0.5275421206956603,-1.4710455076283324e-16,0.047661880184235825,0.7088183196725016,0.0015763341628532257,0.00769502562155378,bas1,sub-A00035940
23,5.215,0.0016444441068975268,0.5263703072328735,1.0880185641326534e-16,0.04817657389683022,0.6860926485963592,0.0016444441068975268,0.007792974964706619,bas1,sub-A00035941
24,5.45,0.0015859624643449399,0.5273133185593036,7.771561172376095e-17,0.04752337343559423,0.6968668655502877,0.0015859624643449408,0.00767371786199957,bas1,sub-A00035945
25,4.87,0.0015455492514567237,0.5249782369613382,-3.497202527569243e-16,0.047573565042305095,0.7153476580921152,0.0015455492514567229,0.007713636779978093,bas1,sub-A00037125
26,4.84,0.0015859640226818714,0.5266036472834033,-1.2234657731369225e-15,0.047065764860987784,0.7033153447784298,0.0015859640226818707,0.00767494566612064,bas1,sub-A00037126
27,5.395,0.0016550008683004996,0.5212561694290432,8.326672684688674e-17,0.046351198472760514,0.6897693284718652,0.0016550008683004994,0.00771077089585589,bas1,sub-A00037368
28,5.76,0.001705391759562921,0.5320672681689098,7.549516567451064e-16,0.04811623900530966,0.6913824080069795,0.0017053917595629196,0.007778677013659982,bas1,sub-A00037458
29,5.195,0.00163964128062471,0.5307830224312284,-6.616929226765933e-16,0.047314025112087016,0.6911925674514714,0.0016396412806247095,0.007667857533795692,bas1,sub-A00037459
30,4.47,0.0014840608322787552,0.5235594921710358,1.2101430968414207e-16,0.0478674125225822,0.7065250760723096,0.0014840608322787547,0.007661496296284913,bas1,sub-A00037483
31,4.41,0.001703508722771911,0.5234584001156036,-1.5432100042289675e-16,0.04663315509087996,0.6861870405618169,0.0017035087227719116,0.007713548607910086,bas1,sub-A00038706
32,4.53,0.0015642475415347016,0.5199651311336718,-2.5923707624997405e-16,0.04760074710088679,0.7002414464710298,0.0015642475415347018,0.007683253687384051,bas1,sub-A00039075
33,5.65,0.0016810674176006833,0.5346448707749551,-8.382183835919932e-17,0.047576639519230274,0.6890137079109365,0.0016810674176006826,0.007761803652148211,bas1,sub-A00039866
34,5.68,0.0015568671243332299,0.5126558201558784,-2.8810287489022814e-16,0.04680525652961693,0.70974553114781,0.0015568671243332292,0.007669277141126895,bas1,sub-A00039943
35,5.145,0.0015501660895498991,0.5366406906530516,9.048317650695025e-17,0.047620021586987485,0.6970422728840548,0.0015500890711941905,0.007645487112780991,bas1,sub-A00040117
36,4.575,0.001684439351535487,0.5322827827275394,-4.529709940470639e-16,0.04821145389592102,0.692241250345707,0.001684439351535487,0.007828671690947834,bas1,sub-A00040798
37,4.875,0.0016457533260528278,0.5215683046750342,-3.9745984281580605e-16,0.04651376414778584,0.6937353001775669,0.0016457533260528284,0.007693481351650499,bas1,sub-A00040800
38,5.71,0.0015931413804491515,0.5228213374389806,1.1879386363489176e-16,0.04796710004408107,0.6906040997358104,0.001593141380449151,0.007745574571011321,bas1,sub-A00040815
39,5.415,0.0016500772660782198,0.5350420911635703,4.54081217071689e-16,0.04699155357013319,0.6785277848140351,0.0016500772660782187,0.00771826497366719,bas1,sub-A00041503
40,4.805,0.0016090056091545787,0.5195178510786033,-4.779510121011299e-16,0.04770442222656432,0.7074764940767556,0.0016090056091545791,0.0077046020032279965,bas1,sub-A00043240
41,5.425,0.0016916211731212633,0.5288312133174703,-9.942047185518277e-16,0.04761051472295695,0.6912197375082821,0.0016916211731212623,0.007763261401600011,bas1,sub-A00043282
42,4.5,0.0016001146826244055,0.5263894553601264,-1.9095836023552692e-16,0.046620285617339954,0.6933660427880894,0.0016001146826244055,0.007720460693771663,bas1,sub-A00043494
43,5.445,0.00165108395695016,0.5209162700441072,2.4424906541753446e-16,0.04651265954117825,0.6937788866399982,0.001651083956950159,0.007732943968095665,bas1,sub-A00043740
44,4.95,0.0015565112869828368,0.5202350602139255,-7.216449660063518e-16,0.04747650485351747,0.7132209786687239,0.0015565112869828366,0.00766758090891601,bas1,sub-A00044084
45,4.69,0.00159144925044439,0.5222438907078458,6.217248937900876e-16,0.0471131992917911,0.7039968129629732,0.0015914492504443898,0.007698275605910295,bas1,sub-A00050743
46,5.435,0.001570233037356203,0.5211268080690943,1.6653345369377347e-17,0.047145064289507994,0.7012030012678364,0.0015702330373562035,0.007703131189481534,bas1,sub-A00050848
47,4.875,0.001559262051016285,0.5146653858491468,-6.289413434501512e-16,0.046697213559414384,0.7050783832829953,0.0015592620510162846,0.007660825608043269,bas1,sub-A00051690
48,4.81,0.001616262714106006,0.5262427313247167,-1.7430501486614958e-16,0.0474500072963247,0.688826993278731,0.001616262714106006,0.007709430484133293,bas1,sub-A00051727
49,4.53,0.0015830519280866065,0.5362204863521332,-3.341771304121721e-16,0.05114084541109934,0.7266991125609972,0.0015830519280866065,0.007645090246871561,bas1,sub-A00051758
50,4.77,0.0016122985771324832,0.5209410524145207,4.934941344458821e-16,0.04681515848290251,0.689363536033045,0.0016122985771324842,0.007740332221067029,bas1,sub-A00052069
51,5.5,0.001542058995754439,0.5254285142059905,2.4091839634365896e-16,0.04825908706697948,0.7105804076882981,0.0015420589957544388,0.007744724555865015,bas1,sub-A00052165
52,4.945,0.001514417688308536,0.5183591749949502,-7.771561172376095e-17,0.047023242246328235,0.703129923946773,0.0015144176883085368,0.007607355209167318,bas1,sub-A00052183
53,5.315,0.0015686985986757577,0.517900003362717,-6.217248937900876e-16,0.04669090501137184,0.6948875356139566,0.0015686985986757577,0.007687549060719491,bas1,sub-A00052461
54,5.435,0.0016603290665051964,0.5248105880954507,3.7081449022480227e-16,0.04676748151895516,0.7044009288514433,0.0016603290665051964,0.007742539778904986,bas1,sub-A00052613
55,5.36,0.001640043400661354,0.5251308430496128,-4.718447854656915e-16,0.046281156507724644,0.6916929643542279,0.0016400434006613532,0.007672536422515708,bas1,sub-A00052614
56,4.69,0.001576598339053734,0.5141269848690057,6.117328865684612e-16,0.04708563916757555,0.6952854877224917,0.0015765983390537345,0.007685386744858151,bas1,sub-A00053203
57,4.775,0.0014975465842891858,0.5196477587282763,3.297362383136715e-16,0.0478919368364123,0.710960150228999,0.0014975465842891858,0.007696133276441155,bas1,sub-A00053320
58,5.51,0.0015999045817322551,0.5190215076652084,3.441691376337985e-17,0.04730407936237316,0.7038321740978515,0.001599904581732257,0.007661495067919459,bas1,sub-A00053390
59,5.515,0.001621596626933537,0.5226989594946949,-1.1102230246251565e-16,0.046399021415826865,0.6956143198107411,0.001621596626933537,0.007705442734039381,bas1,sub-A00053490
60,4.905,0.001558139946492194,0.5200514549517897,-4.618527782440651e-16,0.04739112092472505,0.7046548867164035,0.0015581399464921935,0.007644359762787558,bas1,sub-A00053744
61,5.525,0.0015836306312580976,0.5269140143136144,3.774758283725532e-16,0.0467976511580439,0.6866800271005264,0.0015836306312580974,0.007670884702162394,bas1,sub-A00053873
62,4.695,0.0015746671132646048,0.5303083701678092,-6.716849298982197e-17,0.04736620777688558,0.6929586798735351,0.0015746671132646048,0.007679761140273266,bas1,sub-A00054206
63,5.38,0.0015855622625139268,0.5292624017326136,-8.659739592076221e-17,0.046930657097846155,0.6980703677273722,0.0015855622625139266,0.007710240391698087,bas1,sub-A00054578
64,4.905,0.0015543287525770666,0.519846189548581,1.815214645262131e-16,0.04699954302277085,0.7062116531945841,0.0015543287525770664,0.00767317165996456,bas1,sub-A00054581
65,4.795,0.0016039144643028693,0.5320642852235227,6.88338275267597e-17,0.048525320740778415,0.7014129067334431,0.0016039144643028701,0.007780746425710378,bas1,sub-A00055076
66,5.64,0.0016278973354893088,0.5251751131164741,-5.218048215738236e-16,0.04622472048370419,0.6809304614075277,0.001627897335489308,0.0076789101139449175,bas1,sub-A00055116
67,5.25,0.0015450745739484341,0.5179228643605619,3.6637359812630164e-16,0.04691599401290227,0.7089851394748656,0.0015450745739484348,0.0076713527774542045,bas1,sub-A00055122
68,5.32,0.0015759438183956848,0.5124581368299006,-1.4988010832439614e-17,0.0460543564105713,0.6955839001105062,0.001575943818395684,0.007665282324088445,bas1,sub-A00055267
69,4.85,0.001584988167386184,0.5277774953240594,-2.1316282072803005e-16,0.04790353457117044,0.7010367128031121,0.0015849881673861838,0.007676076721042222,bas1,sub-A00055332
70,5.55,0.0014587663172656814,0.5079745951496957,6.550315845288423e-17,0.04762051696270375,0.7208290794995408,0.0014587663172656825,0.007602366019721957,bas1,sub-A00055462
71,6.285,0.0014723477308973987,0.5161042750643141,1.6542323066914832e-16,0.04733695555965961,0.7012526105700778,0.0014723477308973987,0.007638091513866134,bas1,sub-A00055612
72,5.23,0.0016014187155344224,0.5380960108431943,-1.509903313490213e-16,0.04646262025601691,0.6880063760680819,0.0016014187155344217,0.007602830976699731,bas1,sub-A00055727
73,5.425,0.001580769900367133,0.5269066501554742,2.2093438190040615e-16,0.04837444221235309,0.6969404905868125,0.0015807699003671327,0.007743028494983172,bas1,sub-A00055728
74,4.915,0.0015867677077731422,0.5281990238236005,-2.609024107869118e-16,0.047762995942648025,0.7087491676673162,0.0015867677077731426,0.007746065732620173,bas1,sub-A00055866
75,5.01,0.0016124841894662805,0.5216246791762684,-9.29256671611256e-16,0.045975631133727005,0.6926634228534996,0.0016124841894662807,0.0076381155036009145,bas1,sub-A00055867
76,7.105,0.0016251856593117908,0.5288461313516915,-2.2093438190040615e-16,0.04724139774364789,0.6942550846098527,0.0016251048522802694,0.007700061677472752,bas1,sub-A00055903
77,4.48,0.0015133011968813627,0.5185897990400462,3.3306690738754695e-18,0.04749844788681923,0.71043353054307,0.001513301196881362,0.007666765451227652,bas1,sub-A00055906
78,4.57,0.0016513048325522556,0.5296952895629466,-2.3869795029440865e-16,0.04678759406692974,0.6882798837665942,0.001651304832552256,0.007753322903165131,bas1,sub-A00055907
79,5.145,0.0015693416559879286,0.523125531723468,1.4432899320127036e-17,0.046771552114384995,0.6981854536142199,0.0015693416559879288,0.007684684536655833,bas1,sub-A00055908
80,4.99,0.0015961863082610973,0.5354920366515334,2.631228568361621e-16,0.047662764879501364,0.6940246881630431,0.0015961863082610982,0.007708480180063992,bas1,sub-A00055920
81,5.225,0.0016782383033183792,0.5346254889523228,1.2323475573339239e-16,0.04779521343166228,0.6916004102600036,0.0016782383033183803,0.007771827599976596,bas1,sub-A00055991
82,5.955,0.0015902525681906238,0.5276044776103078,1.8762769116165145e-16,0.047406519795453544,0.6971054201521876,0.0015902525681906234,0.007735311046262226,bas1,sub-A00056022
83,4.945,0.0015896634189994977,0.5219775996527762,-4.04121180963557e-16,0.04632541952494974,0.7029279444203487,0.0015896634189994966,0.007644393357518692,bas1,sub-A00056138
84,5.475,0.0016334917468978855,0.533337244180838,-1.5210055437364646e-16,0.04689307821628404,0.6837681160914436,0.0016334917468978848,0.007719462945110498,bas1,sub-A00056198
85,5.47,0.0015643764061847253,0.5253344998961165,-2.5646151868841117e-16,0.04755511069851795,0.7006712332424657,0.0015643764061847255,0.007724149494804381,bas1,sub-A00056307
86,4.89,0.0015738763199909097,0.5259393261703257,-7.527312106958562e-16,0.04720143756126346,0.6976275606684788,0.0015738763199909104,0.007709932682580755,bas1,sub-A00056420
87,5.205,0.0015763611142589912,0.5166641505759835,7.91033905045424e-16,0.04729281549734931,0.712245091776411,0.0015763611142589919,0.0076964488071324345,bas1,sub-A00056453
88,4.9,0.001607941953465204,0.5324872614246685,-2.2870594307278225e-16,0.04751681017024438,0.6927239472728688,0.0016079419534652036,0.007695671392871334,bas1,sub-A00056470
89,5.32,0.0017135199262530748,0.5403529348118177,-2.498001805406602e-16,0.04700028321892878,0.6884893040973248,0.001713519926253075,0.007757956363206752,bas1,sub-A00056605
90,4.62,0.0015846443263556056,0.5181926113558866,-1.3322676295501878e-16,0.04742132935960543,0.6969599773018518,0.001584644326355605,0.007658134183804856,bas1,sub-A00056628
91,5.385,0.0015995963571703378,0.52746526883928,2.5646151868841117e-16,0.04731921380584748,0.7026185991415106,0.0015995963571703374,0.007703017007772849,bas1,sub-A00056679
92,5.895,0.0016291436977512131,0.5207690083845171,-8.326672684688674e-17,0.04633751728590492,0.692825470153502,0.0016291436977512123,0.007652982889546153,bas1,sub-A00056703
93,5.25,0.0015501513135060807,0.5277901327743867,-1.809663530139005e-16,0.047889565766858724,0.6952995879203588,0.0015501513135060814,0.00772272927719809,bas1,sub-A00056746
94,4.405,0.0015216135453318689,0.5230083495844847,5.984102102729593e-16,0.0475284801826634,0.7025307406826984,0.0015216135453318689,0.007699259663165366,bas1,sub-A00056830
95,5.565,0.0015429895814827732,0.5147728769287658,6.439293542825907e-17,0.04720502164771348,0.6942532737856777,0.001542989581482773,0.007668624603032898,bas1,sub-A00056920
96,4.845,0.001582897678879705,0.5205937821670464,2.020605904817785e-16,0.046745481480616906,0.6988116339635455,0.0015828976788797044,0.007666367233391503,bas1,sub-A00057405
97,6.31,0.0015215594022657689,0.523964370294657,5.240252676230739e-16,0.04737255057093589,0.703335343530494,0.0015215594022657689,0.007654187757594522,bas1,sub-A00057480
98,5.615,0.0015359078245330573,0.5197539370341316,1.0547118733938987e-16,0.04761865353577697,0.7128572300911165,0.0015359078245330573,0.0077127827837167266,bas1,sub-A00057809
99,5.515,0.001576546366774945,0.5204929216810451,8.992806499463768e-16,0.04762639810755105,0.6985796165007989,0.0015765463667749453,0.007661619005864228,bas1,sub-A00057862
100,5.02,0.001561709462923791,0.5160401953137537,-4.019007349143067e-16,0.04710221755365351,0.6980947497912329,0.0015617094629237903,0.007698592104075829,bas1,sub-A00057967
101,4.475,0.0015750639046092946,0.5261149305360923,3.219646771412954e-16,0.0468311578204996,0.7027076701790963,0.0015750639046092948,0.007678789471917436,bas1,sub-A00058004
102,4.935,0.0015326364309394445,0.5194040930126238,4.496403249731884e-17,0.048047434148141666,0.7102981778975062,0.0015326364309394451,0.0076590980540186026,bas1,sub-A00058053
103,6.235,0.0015845132811588515,0.5273798671429423,-5.140332604014475e-16,0.04654471262108577,0.6998721130463635,0.0015845132811588523,0.007646018320073115,bas1,sub-A00058060
104,5.42,0.001572016915600938,0.5184752905201853,-1.687538997430238e-16,0.04708753827814824,0.6894890102993992,0.0015720169156009385,0.007670437182230678,bas1,sub-A00058061
105,5.02,0.0015018793725812898,0.520738000857269,7.771561172376097e-18,0.04745374451008551,0.7033734426523994,0.0015018793725812903,0.007647337078064316,bas1,sub-A00058215
106,5.225,0.0015841667483229396,0.5142517513389929,-1.6153745008296028e-16,0.04632973573390637,0.6960440019219278,0.0015841667483229393,0.007643952935145746,bas1,sub-A00058229
107,6.065,0.0016465913500610216,0.5317017393943868,3.1752378504279476e-16,0.047003541758810406,0.6920615401671357,0.001646591350061022,0.007726858035459516,bas1,sub-A00058516
108,4.92,0.0015822428162677487,0.5223792935671334,-3.2363001167823314e-16,0.04712912884483358,0.7005388807501903,0.001582242816267749,0.007682452110627331,bas1,sub-A00058537
109,4.96,0.001564778380030494,0.5298130299031248,-4.3853809472693685e-17,0.04665548892161611,0.7041745876258013,0.0015647783800304934,0.007667649873707402,bas1,sub-A00058570
110,5.595,0.0015511949011104541,0.516956205085134,4.829470157119431e-16,0.04744108741575563,0.7063732579012709,0.0015511949011104552,0.007672864709247042,bas1,sub-A00058685
111,5.295,0.001550062440570789,0.5245292283939603,6.006306563222097e-16,0.047926203475765095,0.7051705263949208,0.0015500624405707893,0.007743439419140833,bas1,sub-A00058951
112,6.385,0.0015138947945186113,0.5164479205113757,-3.7692071686024065e-16,0.04745020253490947,0.7053278791636388,0.0015138947945186106,0.007659199723879443,bas1,sub-A00059109
113,5.1,0.0016439983730998163,0.5289654206918502,-3.3861802251067273e-16,0.046473796053062524,0.6950147321429678,0.0016439983730998178,0.007723345340598768,bas1,sub-A00059325
114,5.865,0.0015856733898385557,0.5182864137319079,2.0483614804334138e-16,0.04589728821126633,0.70197184981674,0.0015856733898385541,0.00766959142526749,bas1,sub-A00059326
115,4.945,0.001567561939223001,0.5170249914147559,-2.220446049250313e-18,0.047550559623112054,0.7119840127204806,0.0015675619392230022,0.007678434417000584,bas1,sub-A00059327
116,5.895,0.0016694044743230702,0.5405615771047292,2.020605904817785e-16,0.04830013924078663,0.6860375663739917,0.0016694044743230706,0.007788564092521443,bas1,sub-A00059427
117,5.315,0.0016107549355683605,0.5229361113024928,1.27675647831893e-16,0.04661788767180607,0.6952162943020215,0.0016107549355683598,0.0076716408202053155,bas1,sub-A00059865
118,4.49,0.0015480626408408582,0.5128642299952105,-2.0816681711721685e-16,0.047182535065111546,0.7028650114025721,0.0015480626408408585,0.007660348381154376,bas1,sub-A00059935
119,5.38,0.0015769941531309796,0.5189292600464271,-8.482103908136196e-16,0.04735285917476177,0.710293249726037,0.001576994153130979,0.007678621765734922,bas1,sub-A00060099
120,4.965,0.001579376770652559,0.5189152679172235,-5.861977570020827e-16,0.04777921993982455,0.7101433635804897,0.0015793767706525595,0.007721097817305702,bas1,sub-A00060100
121,4.84,0.0015358503151531003,0.5199734391106782,-1.2101430968414207e-16,0.04743189919179922,0.7163311054394863,0.0015358503151531007,0.007663722780259592,bas1,sub-A00060280
122,6.01,0.0016051368758541135,0.5279163354734798,-1.4210854715202004e-16,0.04694534329473048,0.6896773085536543,0.0016051368758541133,0.007636795085396481,bas1,sub-A00060384
123,4.48,0.0015625218439845243,0.5236988183990584,-2.34257058195908e-16,0.046790476094010346,0.6957385300910175,0.0015625218439845247,0.007667641350275757,bas1,sub-A00060429
124,5.51,0.0015555247582152332,0.5173306825548767,5.351274978693255e-16,0.0474529390170778,0.7081023192100784,0.0015555247582152343,0.007658614999067014,bas1,sub-A00060472
125,5.29,0.0016408478541708746,0.5313781885132908,6.661338147750939e-17,0.04754109625976932,0.679712287585559,0.001640766256159359,0.007692986160778625,bas1,sub-A00060493
126,4.68,0.0015079980022732465,0.523151508137893,-6.422640197456531e-16,0.04791216869262674,0.7117965937143392,0.001507998002273247,0.007671790977113348,bas1,sub-A00060503
127,6.44,0.0015843450083815225,0.5232939832932868,-8.049116928532385e-16,0.0475053429060526,0.7013643086840384,0.0015843450083815223,0.007710249404972127,bas1,sub-A00060603
128,4.845,0.00168762629123794,0.5400274843138015,-6.289413434501512e-16,0.04751701793293714,0.6895983491007337,0.00168762629123794,0.007774931073653373,bas1,sub-A00060664
129,5.27,0.0016176426216361565,0.5192656024918673,6.550315845288423e-17,0.04721437367446616,0.6995029198645054,0.0016176426216361547,0.007696471807842458,bas1,sub-A00060806
130,5.005,0.0015343786670302963,0.5247023364355765,-1.0824674490095276e-16,0.04766563968473677,0.7076857968189812,0.001534378667030297,0.00770322972283144,bas1,sub-A00060846
131,5.815,0.0016236469311655664,0.519053365368411,-4.4408920985006264e-17,0.04709914960216013,0.6936600776998663,0.0016236469311655644,0.007717692426184319,bas1,sub-A00061298
132,4.86,0.0015210303971200923,0.511676695829913,5.345723863570129e-16,0.04692163882500727,0.7106696135809766,0.0015210303971200923,0.00763023220863572,bas1,sub-A00061714
133,4.75,0.001567441505484505,0.5191761955540581,-2.298161660974074e-16,0.04680895870584335,0.6971515343316743,0.001567441505484505,0.007689308311028846,bas1,sub-A00061715
134,5.525,0.0015538042854979475,0.529333996683334,5.540012892879531e-16,0.04808235586513948,0.7105570683671056,0.0015538042854979467,0.007692769264307484,bas1,sub-A00063425
135,4.605,0.0017429639588396693,0.5326901893416396,-6.494804694057165e-16,0.04666150668463089,0.672929611089923,0.0017429639588396697,0.007725876254015264,bas1,sub-A00064416
136,4.93,0.001528274068733332,0.5209421913182024,3.4416913763379854e-16,0.04847786712088491,0.699027022950274,0.0015282740687333326,0.007718927723784124,bas1,sub-A00064418
137,5.49,0.0015302065101506495,0.5315352755356438,2.0539125955565397e-16,0.048749281142732456,0.7167161933800552,0.0015302065101506495,0.007743057436629345,bas1,sub-A00064505
138,4.5,0.0014560628172760506,0.5180800648554624,4.4408920985006264e-17,0.048164823278940186,0.7161294254581482,0.0014560628172760508,0.007678538299902263,bas1,sub-A00064507
139,4.925,0.0016398252309495279,0.5233951369585794,1.509903313490213e-16,0.04724139440345763,0.6850124354212723,0.0016398252309495279,0.007742841750529817,bas1,sub-A00064596
140,5.23,0.001620274311194565,0.5160164383714794,1.176836406102666e-16,0.04629897835491219,0.6915336031483716,0.0016202743111945654,0.0076735102620020075,bas1,sub-A00065250
141,4.5,0.0015489990545997897,0.5218026797000452,-7.549516567451065e-17,0.04764965226090005,0.7089890335549739,0.0015489990545997912,0.0076815059656293976,bas1,sub-A00065263
142,5.29,0.0016146228432171966,0.5304542539284166,5.473399511402021e-16,0.047661275106262446,0.6995071424941458,0.0016146228432171973,0.007686749006940619,bas1,sub-A00065792
143,5.425,0.0015496878986557788,0.5168889220292059,-1.1657341758564144e-16,0.04707643856645023,0.7105287433159397,0.001549687898655779,0.007650498740787279,bas1,sub-A00065802
144,4.615,0.0015752285144222471,0.5256276733293855,-5.551115123125783e-17,0.046889195190606726,0.6930998769625569,0.001575228514422247,0.007662652782445697,bas1,sub-A00065820
145,4.68,0.0015831289503568258,0.519689625749992,2.964295475749168e-16,0.04704034729716225,0.7061127372020017,0.0015831289503568256,0.007718358517426206,bas1,sub-A00065934
146,5.435,0.0017039834871457637,0.5266580213279849,1.4654943925052067e-16,0.047021615989694635,0.684716975373787,0.0017039834871457641,0.007754256581525493,bas1,sub-A00065975
147,5.895,0.0016917901866710203,0.5325915389582271,5.484501741648274e-16,0.046963131161254196,0.6877485176687828,0.0016917901866710203,0.007725810615542738,bas1,sub-A00065978
148,5.475,0.00154437673911032,0.51567256691938,2.375877272697835e-16,0.046611206116183815,0.7148069837651494,0.0015443767391103197,0.0076557279791157045,bas1,sub-A00066314
149,4.885,0.001612335122968034,0.5274975672876527,-1.2212453270876722e-17,0.04710487711823884,0.7020611984467833,0.0016123351229680343,0.007732999383208138,bas1,sub-A00066396
150,5.755,0.0015906355178102471,0.5219206894187405,4.890532423473815e-16,0.0477443621824015,0.7123589415787881,0.0015906355178102456,0.00773663273075372,bas1,sub-A00066572
151,5.005,0.001534069291707993,0.523090422739675,0.0,0.047712332749755657,0.7057519508189267,0.001534069291707994,0.007727848164188186,bas1,sub-A00066573
152,4.915,0.0016620310254972835,0.537045417789263,3.4083846855992304e-16,0.04691264542513304,0.6846357783707508,0.001662031025497284,0.00774423639541848,bas1,sub-A00066580
153,5.33,0.001554891458998675,0.5151400315001089,1.2212453270876723e-16,0.04659414002983238,0.7086970760530077,0.001554891458998674,0.007677458638552885,bas1,sub-A00066581
154,4.65,0.0015866502690798758,0.5197101917243022,1.121325254871408e-16,0.046824635422216127,0.6902659954477373,0.001586650269079876,0.007651939781605125,bas1,sub-A00066582
155,5.04,0.0015319951201001672,0.5163180789020337,-1.809663530139005e-16,0.046316494203226595,0.6933931812111825,0.0015319951201001678,0.007616610928949499,bas1,sub-A00066584
156,4.995,0.0015891946103292762,0.5114852789928166,9.992007221626408e-18,0.046517651942075834,0.694787856215515,0.0015891946103292766,0.007675108305836599,bas1,sub-A00066589
157,5.77,0.0016319680403071993,0.5282523287507306,9.825473767932635e-17,0.04663291680371159,0.7059238080088569,0.0016319680403071993,0.007711390106864798,bas1,sub-A00066698
158,5.365,0.0017347130660659196,0.5444950449987056,4.4408920985006264e-17,0.04774824445523398,0.6815136016016476,0.0017347130660659207,0.007858546130367608,bas1,sub-A00066860
159,5.375,0.0016756807743960195,0.5207433533132224,0.0,0.046704371926224605,0.7090158017555979,0.0016756807743960199,0.007711279795675109,bas1,sub-A00067146
160,5.385,0.0015574791692096902,0.5130529965334292,-2.4646951146678477e-16,0.04723397892923908,0.7051342029003445,0.00155747916920969,0.007682279409398542,bas1,sub-A00073303
161,5.53,0.0016475840369857917,0.5326261081478172,4.3298697960381107e-17,0.04760023062493571,0.6857838994744566,0.0016475020987802033,0.007781887984527769,bas1,sub-A00074034
162,4.905,0.0015864424728574305,0.5192416735468105,5.06816810741384e-16,0.04721089902762553,0.6975402558032603,0.0015864424728574292,0.007692093558142433,bas1,sub-A00074427
163,4.925,0.0017164010312254985,0.5294922799509572,-1.5987211554602254e-16,0.046946701027535696,0.6856950705330629,0.0017164010312254994,0.007775698703495365,bas1,sub-A00074607
164,6.465,0.0015893165289508624,0.5181437097066008,-5.162537064506978e-16,0.04724751639851497,0.700839479201008,0.0015893165289508626,0.007674151238281837,bas1,sub-A00074652
165,5.46,0.0015752677864022094,0.5183624848700173,-2.5202062658991054e-16,0.04724585425760048,0.713877197661317,0.0015752677864022098,0.007687592449841891,bas1,sub-A00074688
166,4.505,0.0016425842425765954,0.5254785399986776,-4.451994328746877e-16,0.04614666412493791,0.6901684665763199,0.0016425842425765954,0.007717123084601321,bas1,sub-A00074952
167,4.51,0.0016304580206419953,0.5262438603926772,-3.552713678800501e-16,0.046972399167290346,0.6950866542288643,0.0016304580206419942,0.007730909223086629,bas1,sub-A00074953
168,5.47,0.0015024661721288637,0.5198263585029839,2.7755575615628914e-16,0.047775832277800884,0.7088847290677218,0.0015024661721288629,0.007658325902244315,bas1,sub-A00075150
169,5.39,0.0015824176271003706,0.5173440254743461,-5.007105841059456e-16,0.04722511309667144,0.7126224643588501,0.0015824176271003706,0.007730751886669666,bas1,sub-A00075151
170,4.74,0.0016291425042981222,0.5242335441552799,5.939693181744587e-16,0.04720170651620235,0.6952721420211156,0.0016291425042981229,0.007731104779186836,bas1,sub-A00075361
171,5.315,0.00162199222638943,0.5210732939867492,1.5432100042289675e-16,0.04753548474198272,0.6952463532421037,0.0016219922263894303,0.007727906543038143,bas1,sub-A00075377
172,4.805,0.001634687304087306,0.5202422967835489,6.256106743762757e-16,0.04711335305783151,0.6949474116981585,0.0016346873040873056,0.007680353776148275,bas1,sub-A00075729
173,5.54,0.0016599124861788272,0.5262491437992657,-2.3869795029440865e-16,0.047285958821064,0.6951587201899971,0.001659912486178826,0.007744004485632924,bas1,sub-A00075732
174,5.14,0.0015549540161526472,0.5109326192496177,-7.105427357601002e-17,0.04646599923434045,0.7095548711616311,0.0015549540161526468,0.007650470120171503,bas1,sub-A00075737
175,5.405,0.001573331631707029,0.5142118164700666,-5.8508753397745745e-16,0.04665991791473521,0.7073108510624571,0.0015733316317070292,0.00760742719769848,bas1,sub-A00075738
176,4.84,0.0015632291382446939,0.5117292776033008,-8.038014698286134e-16,0.046025569616353706,0.6993137157491239,0.001563229138244695,0.007661362768633686,bas1,sub-A00075744
177,4.805,0.0015761424284617869,0.5231271652872784,4.618527782440651e-16,0.047652744976337695,0.7074987157881263,0.0015761424284617862,0.007726233309808408,bas1,sub-A00075745
178,5.12,0.0014917383380278117,0.5130323911790696,-2.831068712794149e-17,0.04703306074187773,0.704094168519017,0.0014917383380278113,0.0076700861283730696,bas1,sub-A00075746
179,5.425,0.0015491142828305089,0.5257091348425527,-2.6867397195928787e-16,0.04743747497430725,0.7123496771541007,0.0015491142828305089,0.007704809097059591,bas1,sub-A00076574
180,5.33,0.0015842136329316638,0.528481833868905,4.3853809472693685e-16,0.047487234772458226,0.7038439285476621,0.0015842136329316638,0.007738175112337929,bas1,sub-A00076595
181,5.575,0.0015690266078635534,0.5189123658948691,-2.2759572004815708e-17,0.04723210018813592,0.7073620032634478,0.001569026607863554,0.007679063516173176,bas1,sub-A00076755
182,5.04,0.0015855727848831172,0.5208802567689148,-3.61932706027801e-16,0.04672675272262212,0.7008460392973407,0.001585572784883118,0.007725557757497506,bas1,sub-A00076759
183,5.055,0.0015822415519799965,0.5309211520223689,3.325117958752344e-16,0.047414306796125204,0.6962128081243936,0.0015822415519799954,0.007720043139405473,bas1,sub-A00077199
184,4.67,0.001654760522854226,0.5196846104509302,8.232303727595536e-16,0.04623083859715585,0.6845619706055215,0.0016547605228542249,0.0076939668759559,bas1,sub-A00077201
185,4.795,0.0017046744335914197,0.5270146994886976,-3.0753177782116836e-16,0.04654129652632376,0.6853155551332529,0.0017046744335914201,0.007667359199657447,bas1,sub-A00077203
186,5.51,0.001621612068533885,0.52552135013777,-3.5138558729386205e-16,0.046793983766180665,0.702671860705709,0.001621612068533884,0.007658820490005542,bas1,sub-A00077395
187,5.255,0.0016545941337661558,0.5268904546920886,3.4361402612148597e-16,0.04738442612419588,0.6960440518945599,0.0016545941337661554,0.007712282551696188,bas1,sub-A00077412
188,5.13,0.0015645978134388493,0.5214421705001132,2.753353101070388e-16,0.04720078638519538,0.7114202956707815,0.0015645978134388497,0.0076598109599715644,bas1,sub-A00077453
189,5.54,0.0016374525914979274,0.5283912173501558,1.9539925233402755e-16,0.047110374098712396,0.6963037137230352,0.0016374525914979274,0.007752412007992952,bas1,sub-A00077574
190,4.6,0.0015281663386608397,0.5307728137568627,-3.552713678800501e-16,0.047933595449404766,0.708205254998389,0.001528166338660838,0.007715804186457276,bas1,sub-A00077577
191,4.66,0.0017591057436805667,0.5504155027459534,-1.8207657603852566e-16,0.04714669542151323,0.6746564704834793,0.0017591057436805672,0.007725902286910981,bas1,sub-A00077638
192,4.695,0.0015666493930856758,0.5245939185054265,-4.807265696626928e-16,0.047662586063565285,0.7006674872494387,0.001566649393085676,0.0077269508487552655,bas1,sub-A00077668
193,5.115,0.001573384336108285,0.5234111184068879,3.297362383136715e-16,0.046852546616627036,0.7125737290098658,0.0015733843361082852,0.007711071831499042,bas1,sub-A00077755
194,5.51,0.0016218101705055244,0.5320031343495835,8.737455203799982e-16,0.046512892058786656,0.6912258883627317,0.001621810170505524,0.00769175633851921,bas1,sub-A00079337
195,5.31,0.0016052039922434464,0.5179627008625309,4.3798298321462424e-16,0.04643050755730575,0.6922511667746203,0.001605203992243446,0.007664927388070881,bas1,sub-A00079710
196,5.01,0.0016635842030779389,0.5286324967998977,2.9198865547641616e-16,0.04658845048966713,0.6800880663467714,0.0016635842030779393,0.00773330874842179,bas1,sub-A00079818
197,4.68,0.001537712652223241,0.5301571150238777,7.982503547054876e-16,0.04796068553675478,0.7033760881744958,0.0015377126522232404,0.007748905536655976,bas1,sub-A00079931
198,5.735,0.001571380032726767,0.529258449442023,7.771561172376095e-17,0.04769329615465135,0.7056323086850894,0.001571380032726766,0.007710392586505979,bas1,sub-A00080327
199,5.735,0.0015484029344414564,0.5242940134210891,-7.810418978237976e-16,0.04626979783267021,0.6908561071237563,0.0015484029344414558,0.0076476058270706195,bas1,sub-A00080818
200,6.24,0.001629526151805689,0.5443503345264011,3.3334446314370325e-16,0.04697600408848413,0.6998055550323351,0.0016295261518056887,0.007576800769478083,bas1,sub-A00081064
201,4.6,0.0016298394789531483,0.5229004345340024,-4.246603069191224e-16,0.046624027874855395,0.692906295273091,0.0016298394789531494,0.007693270527811932,bas1,sub-A00081065
202,5.545,0.0015802339363866031,0.5306038778755671,-2.3092638912203257e-16,0.04755492758084092,0.7066907271909362,0.001580233936386604,0.007695505993320681,bas1,sub-A00081126
203,5.72,0.0016440034591120834,0.5360173573503912,4.2077452633293433e-16,0.04757837121577814,0.6910308352150886,0.001644003459112083,0.007786946125024646,bas1,sub-A00081394
204,4.89,0.001571506708887658,0.5211898417614568,3.6637359812630164e-16,0.04740444554973905,0.7004792711742374,0.0015715067088876594,0.007681793809659014,bas1,sub-A00081476
205,4.75,0.0016646581174994857,0.5389232067602311,1.354472090042691e-16,0.04792397835724957,0.6982941523531916,0.0016646581174994861,0.007743336884973881,bas1,sub-A00081518
206,6.005,0.0016557985772045097,0.5465201822813307,-1.609823385706477e-17,0.04862343778834354,0.6918250498392928,0.0016557985772045073,0.007869128912187528,bas1,sub-A00081519
207,4.66,0.0016743935208802215,0.5266491886962347,5.473399511402021e-16,0.046325936770023154,0.691789706394069,0.001674393520880222,0.007694083899647284,bas1,sub-A00081727
208,5.09,0.0016229352979035836,0.530187729388367,-3.1086244689504386e-17,0.04642268799862441,0.701151201176036,0.0016229352979035838,0.007741723532870629,bas1,sub-A00082217
209,4.135,0.0016479808702609233,0.5305384879983769,2.453592884421596e-16,0.04720713362149059,0.7012986775534431,0.001647980870260923,0.007750585570219489,bas1,sub-A00082805
210,5.43,0.00162133560593608,0.5293800258806539,4.218847493575595e-17,0.046334275402322156,0.696343711795,0.0016213356059360806,0.007715985917294645,bas1,sub-A00082808
211,5.255,0.001686455893047564,0.5334719452038541,-2.453592884421596e-16,0.04730322496827051,0.6823999998742504,0.0016864558930475629,0.007760127961673564,bas1,sub-A00082943
212,4.855,0.0016782102275389433,0.5292661528861369,5.8508753397745745e-16,0.047267760418538876,0.6964602415815258,0.0016782102275389448,0.007718938749427763,bas1,sub-A00082945
213,5.345,0.001542740300082415,0.5227966507458855,3.763656053479281e-16,0.047102952890747785,0.7098879559517743,0.0015427403000824159,0.007666440903668212,bas1,sub-A00082987
214,4.415,0.0015678603866320225,0.5302022709357556,-1.3100631690576846e-16,0.04777135599657708,0.7074805792368326,0.001567860386632023,0.007699059776845788,bas1,sub-A00083731
215,4.6,0.0016269791507675868,0.5564180398073997,-2.0650148258027913e-16,0.04972986524250588,0.6914344347932002,0.0016269791507675868,0.007783476999898582,bas1,sub-A00083732
216,4.715,0.0015603835475031425,0.5290630786079111,-2.020605904817785e-16,0.047789790792483335,0.7002774727496732,0.0015603835475031416,0.007695264401781164,bas1,sub-A00083744
217,4.625,0.0016313188058971135,0.528041801649924,7.993605777301127e-17,0.047117300670782215,0.699871923262947,0.0016313188058971128,0.00773640879892361,bas1,sub-A00083745
218,4.435,0.0015222889908036172,0.5173540249594517,-9.992007221626408e-18,0.04699724732005562,0.7038646585250905,0.0015222889908036161,0.0076784096285308105,bas1,sub-A00083949
219,5.135,0.001586486508105521,0.5320915136151243,-1.7319479184152443e-16,0.0460784405860645,0.6995697815827464,0.0015864865081055214,0.007619176665973155,bas1,sub-A00085001
220,4.835,0.0016725522627626113,0.5262306233741814,9.325873406851315e-17,0.04601256565133496,0.6833002273302016,0.0016725522627626117,0.007710988906763373,bas1,sub-A00085298
221,7.015,0.0015585258833096033,0.5211051845675033,4.241051954068098e-16,0.04662194613483454,0.6995761498039326,0.001558525883309603,0.0076930171905078976,bas1,sub-A00085795
222,4.81,0.0015949169646540522,0.521452759453966,1.6653345369377347e-17,0.04717998663288081,0.7007668439208798,0.001594916964654053,0.007701146006826749,bas1,sub-A00086467
223,5.73,0.0016155501148688248,0.5288952597473533,2.4091839634365896e-16,0.04788832698337766,0.6980407448669947,0.001615550114868824,0.007736621995474286,flu1,sub-A00018030
224,4.87,0.001606461861427373,0.5220449216369121,-3.608224830031759e-16,0.04753176392782185,0.7042417908268368,0.0016064618614273734,0.007727799322179307,flu1,sub-A00027159
225,4.875,0.0015549162480362419,0.5323077685786434,4.2299497238218465e-16,0.04726751217949008,0.7093266469813329,0.0015549162480362419,0.007571972592623354,flu1,sub-A00027167
226,4.595,0.0016073048285682563,0.5153449693331946,8.659739592076221e-17,0.047103395771838794,0.7036053709918934,0.0016073048285682558,0.007691679071757428,flu1,sub-A00027439
227,5.705,0.0015931956245387128,0.5166756734898749,-7.438494264988549e-17,0.047004760196509565,0.6982876505396101,0.0015931956245387121,0.007722781463265614,flu1,sub-A00031881
228,5.26,0.0015882073233829286,0.5219419450013276,-2.6978419498391306e-16,0.048009140556498596,0.7102278148618163,0.0015882073233829275,0.007761076197791848,flu1,sub-A00033714
229,5.545,0.0015957402591121892,0.52516768419939,2.142730437526552e-16,0.04672528572165855,0.7000724215764758,0.0015957402591121883,0.007652625204351734,flu1,sub-A00034350
230,4.55,0.0015836876349579207,0.5196224593912607,2.831068712794149e-16,0.0470561454646976,0.6978529741923797,0.0015836876349579203,0.007686559241563691,flu1,sub-A00035291
231,4.5,0.0015814830596957738,0.5203485294886248,4.268807529683727e-16,0.046838871718673174,0.6994865654000574,0.001581483059695774,0.007664929080546891,flu1,sub-A00035292
232,5.685,0.0015175908039383582,0.5127708209772753,1.6708856520608605e-16,0.0474544042486198,0.7035963086317817,0.0015175908039383582,0.007694246742597608,flu1,sub-A00035364
233,4.59,0.0015609877788818663,0.5133321993727518,-4.590772206825022e-16,0.04677271555614286,0.7053944070730602,0.001560987778881866,0.007660393448502831,flu1,sub-A00035377
234,4.86,0.0015981415379396058,0.5188984315170385,-7.183142969324763e-16,0.04726767951964816,0.7020350891712386,0.0015981415379396065,0.007703321818376592,flu1,sub-A00035561
235,4.775,0.001591037967323263,0.5238446315435411,-5.995204332975846e-17,0.04667342201553648,0.6902272599791914,0.0015910379673232623,0.00766065063508535,flu1,sub-A00035940
236,5.48,0.0016295455320046535,0.5243575160477016,8.704148513061227e-16,0.04704176196343908,0.7052344713680636,0.0016295455320046533,0.0076685448603879235,flu1,sub-A00035945
237,5.325,0.0015099511923878698,0.5127035390889713,1.0325074129013957e-15,0.04713075908922204,0.7144110445601919,0.0015099511923878687,0.007641931255335486,flu1,sub-A00039943
238,5.4,0.00155774360976244,0.5275042519033779,-4.75175454539567e-16,0.047111118939408544,0.7067663400356511,0.0015577436097624399,0.007689665079106924,flu1,sub-A00040117
239,4.615,0.0015577829035433835,0.5127026456988157,5.473399511402021e-16,0.04647069554839308,0.6990079733280941,0.001557782903543383,0.00763166605144023,flu1,sub-A00040556
240,4.76,0.0016295945313220656,0.5250013983320622,8.604228440844963e-16,0.04740469437983364,0.6979987718370293,0.0016295945313220656,0.007725768839960642,flu1,sub-A00040798
241,5.61,0.0015952826605243288,0.5269989194875665,-4.2521541843143496e-16,0.0476354721707289,0.6989313301398249,0.0015952826605243296,0.007713751580294834,flu1,sub-A00040815
242,4.815,0.0016732836044885111,0.520619664492801,1.7263968032921184e-16,0.046251034346381094,0.6911797717753863,0.0016732836044885103,0.007731154643330424,flu1,sub-A00043740
243,5.165,0.001579030662480828,0.5238503196964835,9.237055564881303e-16,0.047443284440311484,0.7183784948212191,0.001579030662480827,0.007682368788491352,flu1,sub-A00051691
244,5.59,0.001648056914849893,0.5263571952908692,-4.676814491233472e-16,0.04664288326215139,0.6930881031330186,0.0016480569148498926,0.0077347052275433,flu1,sub-A00052069
245,4.85,0.0015902293253670823,0.5169921235139352,1.4432899320127036e-16,0.04585038586371196,0.6909373281549219,0.0015902293253670823,0.007667013332935695,flu1,sub-A00052461
246,5.645,0.0014735022599034744,0.5232468791046198,5.384581669432009e-16,0.04811871333668018,0.7095359234674053,0.0014735022599034742,0.007688863850135275,flu1,sub-A00053171
247,5.345,0.001595348976288547,0.5125852401958545,-3.6859404417555195e-16,0.04674658704356476,0.6921815395253827,0.0015953489762885469,0.007687542663243491,flu1,sub-A00053203
248,5.395,0.0015497251113250098,0.5242993461545771,1.1879386363489176e-16,0.047855949958393,0.7134202848305814,0.0015497251113250105,0.007713429351133417,flu1,sub-A00053320
249,6.06,0.0015994397416355319,0.5277339793597993,-1.3655743202889425e-16,0.04670566208015712,0.688830900912986,0.001599439741635533,0.007686578893460004,flu1,sub-A00053873
250,4.505,0.0015595996343699579,0.5300350147762769,-4.263256414560601e-16,0.047179997283279984,0.6970507626713173,0.001559599634369957,0.007684183201463071,flu1,sub-A00054206
251,5.265,0.0015629050626511038,0.522378751663737,-1.121325254871408e-16,0.0469033808967835,0.7015220333974739,0.001562905062651102,0.007688591477976626,flu1,sub-A00054581
252,4.645,0.0016164005484977254,0.5327334955628793,-1.9872992140790302e-16,0.04865040643057788,0.7108261614290421,0.0016164005484977245,0.007793752962910353,flu1,sub-A00055076
253,5.52,0.0015992050022475128,0.5227649639856191,2.5313084961453567e-16,0.0471303342478099,0.7035277771498265,0.0015992050022475125,0.007696093123572599,flu1,sub-A00055122
254,5.445,0.0016041678395455243,0.513916651248513,1.9984014443252817e-17,0.046428189783427144,0.7001435743112849,0.0016041678395455248,0.007684083359419411,flu1,sub-A00055267
255,5.53,0.0014991345935213376,0.509564195515333,3.608224830031759e-16,0.047485909770476675,0.7160491580662244,0.0014991345935213378,0.007642331062137192,flu1,sub-A00055462
256,6.15,0.001539554273125574,0.5201363362916706,-1.7319479184152443e-16,0.04695530333625616,0.6869647890303249,0.001539554273125574,0.007646947243186888,flu1,sub-A00055612
257,5.465,0.001580490111711284,0.5320434154996466,-5.984102102729593e-16,0.047248620189169414,0.6988722503118241,0.001580490111711284,0.0076950458701529325,flu1,sub-A00055624
258,5.325,0.0015549817028283005,0.5555616993744964,3.608224830031759e-17,0.0470030571621986,0.7045738435184894,0.0015549044412720813,0.0073267430118598275,flu1,sub-A00055832
259,6.2,0.0016101071630618322,0.5237586486204018,-2.120525977034049e-16,0.04664822672703238,0.695238930390329,0.0016101071630618318,0.00769735756031736,flu1,sub-A00055908
260,5.625,0.0016285389702356255,0.5335510606593151,-3.552713678800501e-17,0.04752494821637255,0.6983778801134802,0.0016285389702356255,0.007729766511211028,flu1,sub-A00055920
261,5.55,0.0014104600594385926,0.5280524050603129,-1.4432899320127036e-16,0.047864128933836486,0.7089756060847435,0.001410460059438592,0.007582386282839417,flu1,sub-A00055921
262,5.335,0.001734877301032432,0.5346411103897644,6.805667140952209e-16,0.046966453313823056,0.6830331600652914,0.0017348773010324326,0.007807215264198606,flu1,sub-A00055946
263,4.795,0.001569820761666878,0.5363497035030896,-5.728750807065808e-16,0.047527004983861074,0.697447212995794,0.0015698207616668773,0.007692213957345172,flu1,sub-A00056020
264,5.44,0.0016422949062294607,0.5298552657465572,-2.597921877622866e-16,0.04708266153819254,0.6905716454978479,0.0016422949062294607,0.007729768239608284,flu1,sub-A00056022
265,4.92,0.0016243520038134974,0.5221339762420139,4.979350265443827e-16,0.04604518056294935,0.6956932382418621,0.001624352003813498,0.007664458895847795,flu1,sub-A00056138
266,5.38,0.0016569592718534175,0.5321984773084775,-3.8746783559417966e-16,0.047026897590691,0.6863442004345679,0.0016569592718534182,0.007745981788266177,flu1,sub-A00056198
267,5.595,0.0015569820435278393,0.5319045055091355,1.5543122344752193e-17,0.047147027509272625,0.7045402362079706,0.0015569820435278388,0.007545834766656047,flu1,sub-A00056295
268,5.055,0.0016043816986138551,0.5277475633303915,2.503552920529728e-16,0.04721385442375046,0.6906207550126694,0.0016043816986138558,0.007753099126141499,flu1,sub-A00056307
269,5.465,0.0015989367075977198,0.5273334832176506,3.907985046680551e-16,0.04690051256375355,0.7030575172243951,0.0015989367075977196,0.007698753624267557,flu1,sub-A00056420
270,4.67,0.0017387336704754964,0.5404580302696551,-6.689093723366569e-16,0.04732550380072266,0.6879229562154906,0.0017387336704754964,0.007780612480433405,flu1,sub-A00056605
271,5.155,0.00168577201733712,0.5315898381619925,-8.992806499463769e-17,0.046479174671718936,0.6784491485422933,0.0016857720173371201,0.007688974652104543,flu1,sub-A00056679
272,5.485,0.0015253313787129677,0.5320042645362332,5.917488721252084e-16,0.04772037790135298,0.7014810432447159,0.0015253313787129679,0.007699572098807824,flu1,sub-A00057076
273,5.46,0.0016318502804994633,0.5248759091082801,-9.43689570931383e-17,0.04651712693276652,0.6877158070065431,0.001631850280499463,0.007706465688407092,flu1,sub-A00057405
274,4.635,0.0016558540826402497,0.5397039676598808,1.9984014443252817e-17,0.04686726264671281,0.6787851789715749,0.0016558540826402501,0.007670439134890922,flu1,sub-A00057480
275,5.545,0.0016113191488749171,0.5359099140965761,-6.88338275267597e-17,0.04694726774632506,0.6971152659638052,0.001611319148874917,0.007699791398553392,flu1,sub-A00057725
276,4.47,0.001585350502928256,0.5199936445216865,-3.552713678800501e-17,0.04703751067917949,0.6977815542913733,0.001585350502928256,0.007699021412434571,flu1,sub-A00057809
277,5.3,0.0016244495019893004,0.5244773732629369,-2.6201263381153693e-16,0.047102012850701404,0.6998770230309517,0.0016244495019893,0.007713159288497456,flu1,sub-A00057862
278,5.415,0.0016155053340313487,0.5309337132178236,2.6423307986078724e-16,0.04759383384790089,0.7048650652577048,0.001615505334031349,0.007718485769071784,flu1,sub-A00058004
279,5.77,0.001597578068658,0.5198786444987269,-6.217248937900877e-17,0.047814235397699606,0.7090143283120213,0.0015975780686580006,0.007673159872057866,flu1,sub-A00058053
280,4.495,0.0015100451382609658,0.5228723409743411,-6.461498003318411e-16,0.047932157959748325,0.7136647407662366,0.0015100451382609658,0.007690346711460904,flu1,sub-A00058215
281,5.245,0.0016298410221986543,0.5213162945045396,-4.3298697960381107e-17,0.04664703067677381,0.6968319006270008,0.0016298410221986547,0.00765970441165195,flu1,sub-A00058229
282,4.895,0.0017063527906450765,0.529833357955603,3.347322419244847e-16,0.04574351057014778,0.6889484915028427,0.0017063527906450771,0.007739398516966321,flu1,sub-A00059325
283,4.765,0.0015646285775694335,0.5115832675774616,4.840572387365683e-16,0.04570760157093176,0.6962801408808248,0.0015646285775694332,0.00761938151074815,flu1,sub-A00059326
284,4.895,0.0015929573065062046,0.5173562849735401,5.062616992290713e-16,0.047054727029378574,0.6990986589417993,0.0015929573065062055,0.007738800955094012,flu1,sub-A00059327
285,5.485,0.0016008810342716556,0.5257351344490698,-4.019007349143067e-16,0.04701764117495643,0.6931501287146602,0.0016008810342716564,0.0077184767185142006,flu1,sub-A00059733
286,5.48,0.0016553519578463851,0.525013510446629,2.5091040356528535e-16,0.0464012084666407,0.6838260795103662,0.001655351957846385,0.007682655772073883,flu1,sub-A00059865
287,5.145,0.0016385602827495146,0.5237537700825328,2.5091040356528535e-16,0.047065820485831404,0.7014195622027055,0.001638560282749515,0.007709016634150655,flu1,sub-A00060099
288,4.38,0.0016382219140556856,0.5231289258045483,-1.554312234475219e-16,0.046929071650947375,0.7003217477608459,0.001638221914055685,0.007750824316122237,flu1,sub-A00060100
289,4.46,0.001645904753899623,0.5294606209729784,-7.882583474838611e-16,0.04737899579331072,0.6926603537850535,0.0016459047538996238,0.007735938369322089,flu1,sub-A00060384
290,4.44,0.0016022425092832302,0.5252458282961325,-4.75175454539567e-16,0.04687101507039679,0.6986827553902125,0.0016022425092832304,0.007677560299657621,flu1,sub-A00060429
291,5.365,0.0016395491555798445,0.5315103985716272,5.961897642237091e-16,0.046878065811863226,0.6870357680252328,0.0016395491555798445,0.007738902361478298,flu1,sub-A00060493
292,4.53,0.0015691201890966739,0.5233372376080208,3.497202527569243e-16,0.04756419192743012,0.702581137403402,0.001569120189096675,0.007706890526525948,flu1,sub-A00060503
293,5.54,0.001602839938522337,0.5215835316249975,-9.658940314238862e-17,0.04721062676114779,0.6976800493125269,0.0016028399385223373,0.007715045228718583,flu1,sub-A00060603
294,4.74,0.0016894600482262212,0.5358522134829543,9.237055564881303e-16,0.04687639531005048,0.6916130023024256,0.0016894600482262221,0.007752371332704677,flu1,sub-A00060664
295,4.445,0.001578306660817428,0.521794114782137,-1.4099832412739488e-16,0.04734281727414826,0.7014359046099407,0.001578306660817428,0.007714127455469912,flu1,sub-A00060846
296,5.59,0.001689057741154213,0.5291374664731012,8.892886427247504e-16,0.047049807470113524,0.6992983904678721,0.0016890577411542128,0.00776958290743772,flu1,sub-A00061413
297,5.245,0.0015414560418849973,0.5119630134871952,-4.490852134608758e-16,0.04714009355604921,0.710512704169767,0.0015414560418849977,0.007671444203182705,flu1,sub-A00061714
298,4.995,0.0015357002511857448,0.5173907093086435,-1.4599432773820808e-16,0.04833096429879943,0.7061622328918868,0.0015357002511857452,0.007724960222889413,flu1,sub-A00064418
299,5.31,0.0013791875311976972,0.5069603025284993,-1.1657341758564144e-16,0.04781236177801868,0.7263987011013282,0.0013791875311976965,0.007594341807431028,flu1,sub-A00064503
300,4.465,0.0015404782701099787,0.5299042824818335,-2.1649348980190552e-16,0.04847200630436016,0.7134094012650687,0.0015404782701099798,0.007730949863856135,flu1,sub-A00064505
301,5.135,0.001480713748979731,0.5218574228912422,5.828670879282072e-16,0.048519711626910815,0.7178965780347428,0.0014807137489797314,0.007676063320575906,flu1,sub-A00064507
302,6.27,0.0016499221186887575,0.523892545871544,6.88338275267597e-17,0.047343010137643304,0.6879667650982563,0.0016499221186887585,0.007759297456947326,flu1,sub-A00064596
303,4.675,0.0016037741811894717,0.5219026513511583,6.006306563222097e-16,0.04650973757985646,0.6871255181237077,0.001603774181189471,0.0076734514896335485,flu1,sub-A00065178
304,5.09,0.0016021646972224747,0.511327647000506,-2.731148640577885e-16,0.046378270878567024,0.6917106863503154,0.0016021646972224745,0.007652965958790316,flu1,sub-A00065250
305,4.24,0.0016117954543363102,0.5298096801951114,6.561418075534675e-16,0.04776613269541669,0.694836034623434,0.0016117954543363093,0.007707860114658888,flu1,sub-A00065792
306,4.65,0.0015628042665970332,0.5163802036648983,3.641531520770513e-16,0.04720913791269905,0.7064625099107645,0.0015628042665970332,0.007680518301305862,flu1,sub-A00065802
307,4.55,0.0016982268175611353,0.5277875550639632,1.532107773982716e-16,0.047174435081246226,0.6855935286746938,0.0016982268175611355,0.007761313276232065,flu1,sub-A00065975
308,6.03,0.0016837268843360117,0.5290152303258244,5.828670879282072e-16,0.04696763859229465,0.6890685342667778,0.001683726884336011,0.007753099745684053,flu1,sub-A00065978
309,5.77,0.001593064851192069,0.5257559520245204,1.5210055437364646e-16,0.04730777624997063,0.6987739351889974,0.0015930648511920692,0.007718279333968009,flu1,sub-A00065992
310,5.375,0.0015511384113704168,0.519154043921598,1.2434497875801754e-16,0.04703313594472725,0.7150678427578528,0.001551138411370417,0.007673045448269464,flu1,sub-A00066314
311,4.76,0.0016210454460154143,0.5265336616486279,-5.306866057708249e-16,0.04677486447605293,0.7025940910905127,0.001621045446015415,0.007715409483815407,flu1,sub-A00066396
312,5.64,0.0016545888191588929,0.5259709291472949,1.4432899320127036e-16,0.04788637586355983,0.7056910251677063,0.0016545888191588926,0.007775280330974877,flu1,sub-A00066572
313,5.03,0.0016064929764306457,0.5319849437805195,-3.552713678800501e-17,0.04791440134496556,0.7016897624417922,0.001606492976430645,0.007738843925935337,flu1,sub-A00066573
314,4.865,0.0016206081659070103,0.5153589284127548,6.916689443414726e-16,0.046496587019257705,0.6877598314851295,0.00162060816590701,0.007703155800719877,flu1,sub-A00066589
315,5.815,0.0013514795222796638,0.5223268060671346,-2.3481216970822063e-16,0.048388851488554964,0.73155699756894,0.001351479522279664,0.007587313551869778,flu1,sub-A00066697
316,5.595,0.0015149856567159808,0.5255787081536267,-7.732703366514215e-16,0.047589672788532475,0.7006033619112837,0.0015149856567159815,0.007638021922252601,flu1,sub-A00066698
317,4.6,0.001595359865182218,0.5256975218841605,5.595524044110789e-16,0.04777428030711764,0.7084747211694793,0.0015953598651822177,0.007759587730636768,flu1,sub-A00066784
318,4.79,0.0015931503713374298,0.5143078892457008,-3.6581848661398907e-16,0.04684060280134949,0.7038028747987792,0.0015931503713374302,0.007693106370755036,flu1,sub-A00073303
319,5.56,0.001605764727975634,0.5196076390490512,-8.604228440844963e-17,0.047114890170442535,0.695013402266331,0.0016057647279756337,0.007700666044406599,flu1,sub-A00074427
320,5.395,0.0016790982557874157,0.5264077814100628,-3.019806626980426e-16,0.046888553953770895,0.6905160768973492,0.0016790982557874168,0.007745028360463685,flu1,sub-A00074607
321,4.365,0.001644419315939914,0.5285739934679637,5.828670879282072e-17,0.04611027390166682,0.694172378265971,0.0016444193159399151,0.007720018882452455,flu1,sub-A00074952
322,4.61,0.0016640835409684163,0.5296617105476923,-8.770761894538737e-17,0.04705836969625289,0.687400592781509,0.001664083540968416,0.007756088421449267,flu1,sub-A00075361
323,6.08,0.0016483937622073556,0.5202888337335722,-6.089573290068984e-16,0.04612981564665723,0.6875105003880191,0.0016483937622073564,0.007679169307418835,flu1,sub-A00075729
324,5.41,0.0015834810496660834,0.5190609388857677,-2.020605904817785e-16,0.04701352082399131,0.7144688889711059,0.001583481049666082,0.007623156883136019,flu1,sub-A00075738
325,6.125,0.0013013232506727675,0.5193742303637118,5.295763827461996e-16,0.04746388833274642,0.7325004065989456,0.001301323250672768,0.007430472219077663,flu1,sub-A00076568
326,4.755,0.0015519254067256389,0.534623944916042,-1.5987211554602254e-16,0.0464948809793812,0.6909920981099135,0.001551925406725639,0.007500303529132305,flu1,sub-A00076574
327,5.37,0.0016011677315290879,0.5313007189060425,5.295763827461996e-16,0.04759772278885625,0.7002495544722106,0.0016011677315290887,0.007749818757406084,flu1,sub-A00076595
328,4.475,0.0015686705613841708,0.51971560615942,-4.740652315149418e-16,0.04741895715873373,0.7086469816630685,0.0015686705613841712,0.007683132564338324,flu1,sub-A00076755
329,5.32,0.0016183960247219157,0.5393962103646543,-5.523359547510153e-16,0.04625079329169351,0.691698776636535,0.001618396024721915,0.007577830346753428,flu1,sub-A00076759
330,4.715,0.0015953487322257203,0.5180097446204477,-4.2077452633293433e-16,0.04684137387946371,0.7018462991785434,0.0015953487322257207,0.007686583316852748,flu1,sub-A00076941
331,5.36,0.0017397336785445886,0.5351561468048588,-3.8413716652030416e-16,0.04510444419885716,0.6626787761744448,0.0017397336785445877,0.007456272992633578,flu1,sub-A00077201
332,5.385,0.0017247509625096871,0.5288678402687511,-7.382983113757291e-17,0.04616136961302768,0.6876980919454327,0.0017247509625096865,0.00764421301563005,flu1,sub-A00077203
333,4.47,0.0014972077942302388,0.5272646623672282,-2.586819647376615e-16,0.04707790850077362,0.7029893255898889,0.0014972077942302395,0.007651817692739871,flu1,sub-A00077397
334,4.43,0.001711376077333486,0.5396253040316403,3.7247982476174e-16,0.04627819811846542,0.685801649945101,0.0017113760773334859,0.007692744627901501,flu1,sub-A00077412
335,5.485,0.0016055486611245178,0.5243204365872832,8.881784197001253e-17,0.046981516558694446,0.7118187554239661,0.0016055486611245165,0.007659826974856295,flu1,sub-A00077453
336,5.525,0.0016283873562125458,0.5256302886752426,-1.1074474670635936e-15,0.04693298979944995,0.6981011259879397,0.0016283873562125456,0.007733102218434846,flu1,sub-A00077574
337,4.645,0.0015272684294774734,0.5323694330117024,-4.563016631209394e-16,0.04790792840638589,0.687869086856947,0.0015272684294774725,0.007704592605291269,flu1,sub-A00077577
338,6.03,0.0016033147714029864,0.5258582356427257,-2.9309887850104134e-16,0.04775736109792094,0.6948827074373425,0.0016033147714029864,0.007735512350619688,flu1,sub-A00077668
339,4.6,0.0016981316996751684,0.5394439655847058,6.572520305780927e-16,0.04691496920134359,0.6976380409192554,0.0016981316996751692,0.007776002624251055,flu1,sub-A00077753
340,5.06,0.0015238937596715083,0.5134730504545495,-2.1094237467877973e-16,0.04661579773775362,0.7028938119393011,0.0015238937596715092,0.007606636151334355,flu1,sub-A00079776
341,5.12,0.001558297689941606,0.5292128657410811,-8.282263763703668e-16,0.04827140543574406,0.7081494554368856,0.0015582976899416057,0.007738558220417841,flu1,sub-A00080327
342,5.815,0.001650326534439025,0.5371449092795574,8.104628079763643e-17,0.04741163039480105,0.6826155321344497,0.0016503265344390246,0.007689233256519801,flu1,sub-A00081064
343,4.585,0.00164951394385413,0.5231301363372612,-1.1102230246251566e-17,0.04626123698654038,0.6935173170962677,0.001649513943854129,0.0076908980414467495,flu1,sub-A00081065
344,5.185,0.0015812015288005135,0.5327837099851489,-7.771561172376095e-17,0.047575026926293285,0.7088056080680878,0.001581201528800514,0.007684751708111948,flu1,sub-A00081126
345,5.255,0.0014330565414888816,0.5214983553012829,-2.403632848313464e-16,0.048288490869023926,0.7094312362753602,0.0014330565414888816,0.00750964623469964,flu1,sub-A00081385
346,4.765,0.0015715563218866107,0.5212136682471228,-2.320366121466577e-16,0.04740723074598488,0.7029896229838514,0.001571556321886611,0.007676095821625639,flu1,sub-A00081476
347,4.87,0.0016777954595095035,0.5381245205347611,1.0547118733938987e-16,0.04801491373864418,0.7044077949775196,0.0016777954595095037,0.007731219724182043,flu1,sub-A00081518
348,4.42,0.001591025751746667,0.5262799201559702,2.842170943040401e-16,0.046538642511522496,0.7051408934216342,0.0015910257517466673,0.007718980891601952,flu1,sub-A00082217
349,4.49,0.001633359232842073,0.5274649759632708,4.063416270128073e-16,0.04705012880621919,0.6987187973302571,0.0016333592328420731,0.007722711545852511,flu1,sub-A00082805
350,5.495,0.001697165120617988,0.5405727769608811,-1.709743457922741e-16,0.04666370706129745,0.6879939172125374,0.001697165120617987,0.007699221048391567,flu1,sub-A00082808
351,5.905,0.0016955564265269058,0.5369863563050727,7.549516567451065e-17,0.04719772268121267,0.6898036822578909,0.001695556426526904,0.007742931006299851,flu1,sub-A00082943
352,4.665,0.0016556162846114632,0.5239681290214936,1.4988010832439614e-16,0.047435941279937624,0.6946596295986559,0.0016556162846114626,0.007737720659346118,flu1,sub-A00082945
353,5.34,0.0015682997042972013,0.5243832549018297,-1.3211653993039362e-16,0.04704852894161715,0.710050164983968,0.0015682997042972017,0.007667058768360676,flu1,sub-A00082987
354,5.435,0.001605423376309175,0.530753461298966,2.8588242884097783e-16,0.04763124269533396,0.6990331437438126,0.0016054233763091758,0.007665645119753437,flu1,sub-A00083731
355,4.525,0.0015234055711389014,0.5287278895973361,-6.339373470609644e-16,0.04823602431467458,0.7093026068896151,0.0015234055711389014,0.007682774438643003,flu1,sub-A00083732
356,5.625,0.0016142721139195788,0.5235372139405161,1.7985612998927537e-16,0.047342861583508415,0.6984558907332983,0.0016142721139195783,0.007719610143916825,flu1,sub-A00083745
357,4.895,0.0015154590348107125,0.5160431264609641,6.300515664747763e-16,0.04691177735122137,0.706928519259967,0.0015154590348107116,0.007673541457756717,flu1,sub-A00083949
358,5.41,0.0013787264100296492,0.5165632597263164,-3.241851231905457e-16,0.04818092592782383,0.7218691338635959,0.0013787264100296496,0.0076066026146033245,flu1,sub-A00083950
359,6.735,0.0015383461903842252,0.5314726700831703,1.0058620603103919e-15,0.04360479450858839,0.700845873926145,0.0015383461903842256,0.007318515902798436,flu1,sub-A00083951
360,4.845,0.0015776142192312952,0.5297857381274701,-2.55351295663786e-16,0.04645409714888748,0.700339339658434,0.0015776142192312956,0.0076516843439084735,flu1,sub-A00085001
361,5.445,0.0016413705667983657,0.525869474010227,6.106226635438361e-17,0.04633362258023295,0.6839444385153839,0.0016413705667983663,0.007722949353446494,flu1,sub-A00085298
362,5.595,0.0016081788123963338,0.5264788015656681,5.229150445984487e-16,0.047313811062107136,0.6939519381444612,0.001608178812396334,0.0077113198068764,flu1,sub-A00085795
363,5.33,0.001618004186551714,0.5298300472429825,1.765254609153999e-16,0.047217945008079874,0.7001917806380018,0.0016180041865517135,0.007737870158964043,flu1,sub-A00085942
364,4.56,0.001613458585214607,0.5213282285056311,3.1974423109204507e-16,0.04645084782055397,0.6956281201468109,0.0016134585852146078,0.007669194272453835,flu2,sub-A00035292
365,5.545,0.0016086897798549091,0.5214687174135414,2.7866597918091427e-16,0.0472231223281302,0.7079464766100327,0.0016086897798549085,0.00769117530655908,flu2,sub-A00035561
366,6.08,0.0016475641186069645,0.5377352062423811,-3.985700658404312e-16,0.04693365123324773,0.6993120940508162,0.0016475641186069645,0.0077302480575346735,flu2,sub-A00040117
367,4.865,0.0016373200435468858,0.5223345473246724,1.5432100042289675e-16,0.04709427374207773,0.697294059318777,0.0016373200435468847,0.007722694002039767,flu2,sub-A00040798
368,5.0,0.0015964809892983318,0.5219555332331614,1.013633621482768e-15,0.047293715197793885,0.6921458960299525,0.0015964809892983314,0.007707298265338297,flu2,sub-A00040815
369,5.83,0.0015987582662247797,0.5268645301321125,2.8754776337791553e-16,0.04745064340821663,0.7127241607405994,0.001598758266224779,0.007706807997396839,flu2,sub-A00051691
370,5.285,0.0015812800095351485,0.5190285196428449,-3.3695268797373503e-16,0.0467147576599712,0.6983316902149973,0.001581280009535148,0.007670770277848962,flu2,sub-A00052182
371,5.72,0.0016024846930625186,0.5176972404016335,-4.923839114212569e-16,0.04621005598315255,0.6884065083063708,0.001602484693062519,0.007689297927214121,flu2,sub-A00052461
372,5.52,0.0015500236959331082,0.5228869085986831,2.475797344914099e-16,0.048096560877640124,0.7091897548962715,0.0015500236959331082,0.007738151499558093,flu2,sub-A00053320
373,5.005,0.0016239314264842397,0.5364232967906035,-2.6423307986078724e-16,0.04757881865428005,0.694544779935151,0.00162393142648424,0.0077507317746675795,flu2,sub-A00053873
374,5.14,0.0015938788045333438,0.5285671036485646,5.440092820663267e-17,0.04717915667409987,0.6870102039377244,0.0015938788045333433,0.007679602084930673,flu2,sub-A00054206
375,5.385,0.0015933073134974669,0.5236870703091896,3.419486915845482e-16,0.04661933729205831,0.7050945515028495,0.0015933073134974667,0.0076791556126311975,flu2,sub-A00054581
376,5.36,0.0016194568427745075,0.5191125910390123,3.3084646133829665e-16,0.04652660471202459,0.6971684755692451,0.001619456842774508,0.007706301483959325,flu2,sub-A00055262
377,5.06,0.001606434214484211,0.5188496600255211,-6.539213615042172e-16,0.04671250685095219,0.6978323130664299,0.0016064342144842102,0.007692538745369479,flu2,sub-A00055267
378,6.2,0.0015714276858628986,0.5211488606067854,-1.354472090042691e-16,0.0469234605796831,0.692381737577954,0.001571427685862899,0.007649295715224693,flu2,sub-A00055612
379,5.6,0.0016282231016371334,0.5280271536298442,5.256906021600117e-16,0.04779154836896961,0.6985425681153584,0.0016282231016371326,0.007752163110409815,flu2,sub-A00055693
380,5.575,0.0016270495182980505,0.5296980913304811,-3.7192471324942745e-16,0.04783149896512644,0.7077674227958891,0.00162704951829805,0.007670912076161947,flu2,sub-A00055728
381,4.78,0.0016588104230362613,0.5401135551712618,1.6653345369377348e-16,0.04641760398513864,0.6905092300663965,0.0016588104230362611,0.00754456902418258,flu2,sub-A00055907
382,4.83,0.001678623476908052,0.5396100929396913,5.884182030513329e-16,0.04753021099510428,0.6954643524910171,0.0016786234769080527,0.007751379156820582,flu2,sub-A00055920
383,5.32,0.0014412950024181473,0.5368008462687217,7.149836278586009e-16,0.04860754579133902,0.6977113527878238,0.0014412950024181473,0.007634132820294714,flu2,sub-A00055921
384,5.165,0.0016655167836551825,0.5261425249053396,-6.861178292183467e-16,0.04705121968274332,0.6863081548092573,0.0016655167836551832,0.0077786097479181915,flu2,sub-A00055946
385,5.33,0.0016692544592161304,0.5366584852018602,5.084821452783217e-16,0.047266818873839156,0.6965230957830304,0.0016692544592161302,0.007768157563000705,flu2,sub-A00056022
386,5.485,0.001681977520212566,0.5333213371845619,1.2434497875801754e-16,0.047129893963293784,0.685794574329905,0.0016819775202125678,0.007756844203211002,flu2,sub-A00056198
387,5.57,0.0016292101752463331,0.5317324108142639,1.7430501486614958e-16,0.04719844398708255,0.693293480798114,0.0016292101752463336,0.007713333330828659,flu2,sub-A00056307
388,5.48,0.001633682007328637,0.531929677164755,-3.680389326632394e-16,0.04700019525323472,0.6982578350373875,0.0016336820073286375,0.00771896935019059,flu2,sub-A00056420
389,4.83,0.001758696398856917,0.5414138621295363,-1.554312234475219e-16,0.04728583648058943,0.6961063540026261,0.0017586963988569172,0.007774960047554024,flu2,sub-A00056605
390,4.515,0.0016542444964600903,0.5286322103904303,-5.773159728050814e-16,0.046783824782847976,0.7050148588428529,0.0016542444964600918,0.007698059127865526,flu2,sub-A00056679
391,5.585,0.0015784237178851062,0.5277794589508238,1.6653345369377348e-16,0.04792427526354524,0.7003946148259896,0.0015784237178851053,0.007727345295890599,flu2,sub-A00056746
392,4.9,0.001631449662746706,0.5275085728846074,4.951594689828198e-16,0.046931647118748004,0.6940509497243378,0.0016314496627467055,0.00770500096068408,flu2,sub-A00056830
393,4.87,0.0015013627735610152,0.5218359225542613,-4.807265696626928e-16,0.04744314762505694,0.6979996784729283,0.0015013627735610152,0.00768253459352884,flu2,sub-A00057076
394,4.415,0.0016446233713696592,0.525521000324743,4.529709940470639e-16,0.046478581387915614,0.6922621297920316,0.001644623371369659,0.007689951236780924,flu2,sub-A00057405
395,6.335,0.0016157478399800543,0.5291358389612708,-5.229150445984487e-16,0.04709033164728478,0.6881489166213405,0.0016157478399800532,0.007709524028671332,flu2,sub-A00057480
396,4.94,0.0016484213210905677,0.5409752419907385,-1.9484414082171496e-16,0.04682821435408711,0.6894625309031719,0.0016484213210905688,0.007714524338667024,flu2,sub-A00057725
397,5.115,0.0015861595138995652,0.5192270688498015,1.865174681370263e-16,0.04658326323155581,0.6921618589009566,0.001586159513899566,0.007658075710010541,flu2,sub-A00057726
398,4.425,0.0015947133759355678,0.5224070174612951,3.774758283725532e-16,0.04718055635491518,0.6962052778992787,0.0015947133759355685,0.007709194061163151,flu2,sub-A00057809
399,5.41,0.0016390464136156807,0.5258535698344324,6.328271240363392e-17,0.04717108680771489,0.6961270732226601,0.0016390464136156807,0.007721569356890684,flu2,sub-A00057862
400,5.31,0.0014833724692179908,0.5407483088139684,5.473399511402021e-16,0.04872221221096625,0.7170798710036637,0.0014833724692179912,0.007550060714365071,flu2,sub-A00057863
401,4.625,0.0015955799474040413,0.5259375067675743,8.892886427247504e-16,0.047786756873406666,0.7105406086910957,0.0015955799474040426,0.007697036440312967,flu2,sub-A00058004
402,4.985,0.0015307866248723148,0.5246556169848378,2.5313084961453567e-16,0.04812015135187338,0.7147009795160175,0.0015307866248723144,0.007696908023814723,flu2,sub-A00058215
403,4.635,0.0016575336654553608,0.5256874894336423,-7.965850201685498e-16,0.04647394036971173,0.6844502757303472,0.0016575336654553602,0.0076993530538642125,flu2,sub-A00058229
404,4.81,0.0016792280489261666,0.5307974183497994,1.6153745008296028e-16,0.046218074857868004,0.692172917791267,0.0016792280489261668,0.007640728887102572,flu2,sub-A00058537
405,5.795,0.0015864462761866172,0.5172399756868453,1.7874590696465021e-16,0.04610317392769631,0.6925260142687356,0.0015864462761866177,0.007615933705320549,flu2,sub-A00059326
406,5.43,0.0016065761598403206,0.5195532755669052,3.219646771412954e-16,0.04733745125223436,0.7031471272816385,0.0016065761598403202,0.007709737468009672,flu2,sub-A00059327
407,5.365,0.0016803689916997319,0.5297020448509072,-1.1435297153639113e-16,0.046646767221320114,0.6926791911618776,0.0016803689916997319,0.00769885447319591,flu2,sub-A00059865
408,4.98,0.0016427443047635066,0.5208432261320788,-3.47499806707674e-16,0.04690789321197534,0.7039495439413652,0.001642744304763506,0.007682550349576806,flu2,sub-A00060099
409,5.89,0.0016326558528868055,0.5247026166692694,5.095923683029468e-16,0.04739667912511988,0.703732671895576,0.0016326558528868063,0.0077451910413934765,flu2,sub-A00060100
410,5.07,0.0016778501347850783,0.5330656934317567,-2.431388423929093e-16,0.046602675935272196,0.6891585852176679,0.0016778501347850788,0.007680906686284086,flu2,sub-A00060384
411,4.485,0.0016486081286359532,0.5288500145210734,5.939693181744587e-16,0.04693651407074486,0.6940555171204409,0.0016486081286359532,0.007689903621388658,flu2,sub-A00060429
412,5.48,0.0016625247697888302,0.5330889061480505,-2.298161660974074e-16,0.047533625721521915,0.6907863965161987,0.0016625247697888306,0.00777868509317889,flu2,sub-A00060493
413,4.555,0.0015622886821842468,0.5239258434985774,2.325917236589703e-16,0.04755405368485159,0.7026986220584821,0.0015622886821842472,0.0076979237494175425,flu2,sub-A00060503
414,5.07,0.0016148840306731834,0.522902382016819,2.6645352591003756e-17,0.04729351281052435,0.6941044222854101,0.0016148840306731834,0.00772150498600207,flu2,sub-A00060603
415,4.805,0.0017233832788216949,0.5398095999552599,2.6756374893466274e-16,0.04700958775821466,0.6911950449947779,0.0017233832788216955,0.007729249390365744,flu2,sub-A00060664
416,4.615,0.001558201096322229,0.5246779200333045,6.933342788784103e-16,0.04781070896509461,0.7060643254552141,0.001558201096322229,0.007725550346112057,flu2,sub-A00060846
417,5.54,0.0017242930400913974,0.5352489377549693,6.661338147750939e-17,0.046786384183639396,0.7026259714383021,0.0017242930400913979,0.0077531177866304955,flu2,sub-A00061413
418,5.76,0.0015702785170005212,0.5178082546002762,4.313216450668733e-16,0.04829642985155327,0.701121618100514,0.0015702785170005219,0.007740918160647707,flu2,sub-A00064418
419,5.43,0.0013675960552337165,0.5059280603127718,2.0761170560490428e-16,0.047711714854592,0.7264625555615898,0.001367596055233716,0.007578141800222531,flu2,sub-A00064503
420,4.61,0.001484435485692003,0.5208297800933142,-3.608224830031759e-16,0.048427208811049505,0.7062150866986632,0.0014844354856920028,0.007709174523710482,flu2,sub-A00064507
421,6.015,0.0016438901806184083,0.5246271898099488,1.3655743202889425e-16,0.04739302268799058,0.6903237970358861,0.0016438901806184077,0.007753571598498163,flu2,sub-A00064596
422,4.86,0.001590369574064562,0.5206404991432795,2.7200464103316335e-17,0.04618302662262371,0.6934681833060325,0.0015903695740645634,0.007678772304138129,flu2,sub-A00065178
423,5.225,0.00163089091782176,0.5306869666147881,4.3243186809149847e-16,0.04764014815683394,0.6919206591496907,0.0016308909178217607,0.007722784928400167,flu2,sub-A00065185
424,5.395,0.0016243491081980072,0.513578177640206,-5.10702591327572e-16,0.046402603149974624,0.6939066703078812,0.0016243491081980059,0.007670547420615919,flu2,sub-A00065250
425,5.375,0.0015755255055712866,0.5186115766595427,9.459100169806333e-16,0.04725319944850027,0.7057050077903976,0.0015755255055712868,0.00768452890506926,flu2,sub-A00065802
426,4.47,0.0016325249239697906,0.5297391004794407,-6.006306563222097e-16,0.04736306546052442,0.707217859278606,0.0016325249239697898,0.00774507732064807,flu2,sub-A00066396
427,4.465,0.0015973906032064908,0.5170788004136881,-4.3853809472693685e-16,0.04687539295764883,0.6991626693092343,0.0015973906032064904,0.007684419937469032,flu2,sub-A00066534
428,5.315,0.0016202169861570955,0.5241194291457906,-6.289413434501512e-16,0.047903996692760215,0.7069688460122275,0.0016202169861570946,0.007750138040318082,flu2,sub-A00066572
429,5.045,0.0016202113145579735,0.5186207506180854,5.162537064506978e-16,0.04713880636217949,0.6887594618688333,0.0016202113145579735,0.007693627312643758,flu2,sub-A00066589
430,5.28,0.001685351014681114,0.534389969650521,-4.3631764867768654e-16,0.04706362528214884,0.6908021060820276,0.0016853510146811138,0.0077715621242842045,flu2,sub-A00066860
431,5.145,0.0016220344160626878,0.525345028203802,7.105427357601002e-17,0.04697024414847472,0.692673417030302,0.0016220344160626891,0.007763593603982979,flu2,sub-A00074034
432,5.45,0.001638752945505125,0.5222423141751655,-2.4980018054066023e-17,0.04718162217842364,0.6953358324290042,0.0016387529455051263,0.0077011020469498915,flu2,sub-A00074427
433,5.525,0.001689657656081627,0.5268891714489892,-4.518607710224387e-16,0.0468107976632934,0.6932463514598343,0.0016896576560816265,0.007737548902249421,flu2,sub-A00074607
434,5.175,0.0016275013820405625,0.5256055316817863,2.1038726316646717e-16,0.04648405854971589,0.6965297182954753,0.0016275013820405615,0.007713984742797753,flu2,sub-A00074952
435,6.155,0.0013062617117927074,0.5191712721206152,-2.6978419498391306e-16,0.04721526017504002,0.7205053619244984,0.0013062617117927076,0.007435708617359101,flu2,sub-A00076568
436,5.58,0.0015554445000956602,0.5257711281641835,3.275157922644212e-16,0.047177446481281186,0.7111545557938125,0.0015554445000956606,0.007673768166679623,flu2,sub-A00076574
437,4.805,0.0016482988272581872,0.5350700430217189,-1.4210854715202004e-16,0.04757889965978409,0.6979722102126917,0.0016482988272581872,0.007764186839996229,flu2,sub-A00076595
438,5.42,0.0015858237447470994,0.5199266081926623,-5.06816810741384e-16,0.04717237476156895,0.7068078341119883,0.001585823744747098,0.007692212446600706,flu2,sub-A00076755
439,6.245,0.0015306507386717166,0.5291208694081312,-5.251354906476991e-16,0.04505754065029522,0.6967258058746375,0.0015306507386717166,0.007498583123154001,flu2,sub-A00076759
440,4.48,0.0015871390630235063,0.5253653055901765,-1.3322676295501878e-17,0.047361714771856495,0.7084405140976012,0.0015871390630235061,0.007672083397346594,flu2,sub-A00077453
441,4.525,0.0015801248196771372,0.5290023464966876,-6.106226635438361e-17,0.04797139659394433,0.7005915333687188,0.0015801248196771383,0.007736802913927429,flu2,sub-A00077668
442,5.26,0.0017019560507827091,0.5397484013813393,4.3631764867768654e-16,0.04731629010872043,0.6970671069723372,0.0017019560507827085,0.007754133970833978,flu2,sub-A00077753
443,4.555,0.0015339838984475462,0.5222748418699795,1.1160516955044386e-15,0.04668757978097516,0.7097797361659115,0.0015339838984475462,0.007667806555787138,flu2,sub-A00080818
444,5.54,0.001557561874827187,0.5228187438941264,-1.63202784619898e-16,0.04790830861364767,0.7093432625057402,0.0015575618748271862,0.007720514977779283,flu2,sub-A00081064
445,5.88,0.001655748991752016,0.5222615382791228,-5.351274978693255e-16,0.04636328565338285,0.6856981797107561,0.0016557489917520154,0.0076835745048923695,flu2,sub-A00081065
446,6.175,0.001409222371224263,0.5446034691885973,-9.992007221626409e-17,0.048496551259732276,0.7141119601587262,0.0014092223712242624,0.007590736483316944,flu2,sub-A00081090
447,6.24,0.0015654960992353495,0.5288835949337544,1.6653345369377347e-17,0.048192635205890524,0.699296712531375,0.0015654960992353493,0.0077311344128842135,flu2,sub-A00081385
