global,Vis,SomMot,DorsAttn,Default
0.144478651956219,0.0757296466973886,0.186378506989194,0.0933398152649489,0.253105369422479
0.203074787807612,-0.0108384889388826,-0.0763996852871754,0.164664416947882,0.313801505846504
0.0698200058819447,0.113736782902137,0.0852363292038191,0.150156529516995,0.32548435171386
0.102759835584263,0.0853509835735127,-0.00164594763525245,0.162313744560406,0.237885490964904
0.101676743532058,0.113036672629696,-0.019701408026229,0.0814431557747066,0.214199540917098
0.12171206153042,0.0862564909520063,-0.0713364055299539,0.110115838360113,0.225324027916251
0.0665346764519999,0.179789427685753,0.0688756755362371,-0.0177087784266249,0.15081214848144
0.196777553996805,0.0852236312030764,0.0405644193935329,0.0638218732832815,0.23424481602015
0.231685883014623,0.0888464476699771,0.118983811434104,0.146527650613441,0.264481304252493
0.0554455903588978,0.128110939257593,-0.074714946805973,0.110791502753737,0.41099550056243
0.106790353182386,0.233855606758833,-0.0717360329958755,-0.0394586939417781,0.266783652043495
0.134773248142232,0.165629615922226,0.14836471889552,0.0990328711985689,0.275626118067979
0.0926868921852746,-0.0777825228206908,0.0560959880014998,0.190728181755101,0.360081715802966
0.202783223772729,0.124141321044547,0.00420880216493377,0.0042384701912261,0.367647548073724
0.127222737984718,-0.0428616422947132,0.158979582494049,-0.0290055464824448,0.0903530876036768
0.189483952785094,0.136006294256491,0.0330619862025645,0.111115881875865,0.219729646697389
0.12628166797797,0.114336707911511,0.0193325919955928,0.105072020778465,0.42702918832467
0.0925089445438283,0.19868199297689,0.068978756884343,-0.0902790949735808,0.120178337082865
0.0208280324233943,0.237523439127717,0.111783788941367,0.148259043490042,0.199411350628947
0.141140863124911,-0.128526902887139,0.0408116310409431,0.0398199910554562,0.304985774285327
0.228279537775123,0.22314944989746,-0.0198709677419355,0.173350073915069,0.125098347757671
0.0032365954255718,0.0105761917230888,-0.14548617469328,0.0221857260574986,0.20207494048709
0.150669420310497,0.0892490521362526,0.0235234674787311,0.183261075734995,0.361438774256101
0.179072196620584,0.0440617788034795,-0.128148740503798,0.0697190738039128,0.312032684069647
0.0710955287306565,0.096516129032258,0.0339412622047955,0.0709720171351348,0.220594965675057
0.106826768413571,0.0733824884792627,-0.0366633858267717,0.0424671453732556,0.418396700412448
0.147741935483871,0.0838911835920809,0.092102855426129,-0.00854125363159142,0.0126543446583327
0.143719996508685,0.0373296425142458,0.0173647164406505,0.237110936270653,0.360804065470586
0.00560767428565764,0.0608653378706854,0.0504203569662366,0.050212173195238,0.267768713324746
0.116607602114173,0.12027972027972,0.201358166410855,0.0587153168353956,0.235725534308211
0.299139784946236,0.118014656296363,-0.00980818531404505,0.312217837195646,0.333659436493739
0.0451361132966168,0.124173618124914,0.0805264254462115,0.132538432695913,0.249701445115204
0.189592026198468,0.0702043439671091,0.0205277280858676,0.0701162354705662,0.167676040494938
0.0418015139940274,0.0556436251920123,0.012952380952381,0.147404574428196,0.179179637429042
0.170275590551181,0.102694631571637,0.0690206692913386,-0.045298740008129,0.284786440212415
0.131526848027347,0.149126359205099,-0.0360267107293559,0.119063059033989,0.284890937019969
0.0405773174601127,0.0901473459968045,0.101634598314875,0.13145856767904,0.367756123357109
0.182799607429755,0.0846500109633566,0.0193542417743646,0.029755839599644,0.172962152351465
0.23729591382432,0.0690137168273187,0.000547600314712824,0.110788448193028,0.259350581177353
0.0793201631046119,0.142138573521333,-0.0181411306445164,0.130828529759011,0.29752321007081
0.0889090968851687,0.113927982525998,0.166385191546205,0.183297456667449,0.397280418072741
0.117760509838998,0.110287962234461,-0.0117450826121164,-0.0370583631484794,0.355701882743147
0.114298082419925,0.0407516147974163,0.0063129383984999,0.078605470510317,0.257460267505901
0.110716901666361,-0.0194690653314781,0.0102617172853393,0.0773382539499481,0.115465384094296
0.114420332580236,0.137601209638084,-0.0206562536275812,0.167639886194283,0.143826766813936
0.0167049118860142,0.117990783410138,0.0747260733452594,0.0951490371593298,0.277690494893951
0.115064324987989,0.119558628161639,0.0793790776152981,0.0212343457067867,0.237982658176399
0.103647521636507,0.0895448272303982,-0.0485369328833896,0.134267281105991,0.216159399083016
0.0489150161761225,0.024048671296562,0.106399700037495,0.0930967428293631,0.253149524272519
0.185664296426276,0.0990326209223847,0.0944845202414902,0.0834601502292459,0.222057087297729
0.0826148110721162,0.080672268907563,0.0515072788866508,0.143864823348694,0.361814117328275
0.17341935483871,0.143455654060524,0.00772098485572656,0.0987828964928202,0.393660554561717
0.103862017247844,0.167076115485564,0.00791601049868766,-0.00804213277976396,0.234872540250447
0.314909903807072,0.100522273425499,0.0896173345371206,0.218539475791384,0.127535021058414
0.085189296832082,-0.113265145554681,0.0127864823348694,0.0574338207724034,0.222955445920805
0.0827128245476003,0.0213078833895763,-0.0329724409448819,0.11734906315059,0.218705277280859
0.0663568943416957,0.0174528965129359,0.161932336742722,0.0195910959269738,0.321454118400683
0.337396231731306,0.120323959505062,0.123600314712825,0.057531871016123,0.269058164604424
0.120658092006628,0.124705899983515,-0.0386012969588551,0.0295176651305683,0.313900885926621
0.0607600813885209,0.0789656305927901,0.0997480798771121,0.119435019332439,0.200722272380026
0.197825997897008,0.0540418157423971,-0.088676415448069,-0.0707948540009609,0.160878648233487
0.162277658059096,0.134783645818425,-0.0103217097862767,0.0368707628249613,0.307728148410057
0.0496343351305183,0.0980417569510541,0.0165076199971514,0.124303637654857,0.370897042666178
0.103897855505103,0.157824884792627,0.111103112110986,0.0954732290610153,0.268467410452143
0.21036889332004,0.0476313364055299,0.119735226605456,0.0553719008264463,0.243644477692794
0.158900153609831,0.0586668565731377,0.0451233595800525,0.134384728071782,0.207146893308792
0.279016122984627,0.139524355547037,0.0333909164461744,0.231054338103757,0.210879197138739
0.109465715832509,0.0647159188742154,0.0235860517435321,0.0473939456475474,0.335730224039416
0.0947064929073925,0.153757780277465,-0.0118143194335169,-0.0898310291858679,0.240483656839407
0.0746605222734255,-0.119266957079845,0.00545611817153503,0.0563587726199843,0.354285714285714
0.0117348612673416,-0.0101296958855098,-0.00607690807974331,0.138359447004608,0.349547545934035
0.044920728126835,0.0973362850817682,0.0720808450813223,0.151380241713972,0.299052714398112
0.135987108932254,0.189020874178295,-0.017476682734982,0.0380922384701912,0.330743483834212
0.192415595745173,0.185373312710911,0.0784311961004874,0.0524364454443195,0.233080659798217
0.222176328158382,0.0504484657749803,-0.0811664530305805,0.0551565696302124,0.163561021872243
0.0859931571053618,0.156405979543666,-0.144295292848462,-0.13202692922203,0.17611516647274
0.165171214063358,0.0726221907931043,0.097906111566216,0.118138441817405,0.334012481393983
0.104006144393241,0.0933763440860215,0.0560319767441861,-0.0618515205724508,0.111375081689924
0.168597024000317,0.098819627353429,-0.0209013168925978,0.209416537660812,0.232238593999645
0.0394169478815148,0.157569230372367,0.00953996685867593,0.208424196124731,0.448008399945807
0.170815544749842,-0.0255538057742782,-0.0518105052239874,0.0620840363704537,0.261398703041145
0.165996927803379,-0.0184917533250197,-0.0202882071242702,0.0864516129032258,0.193365853658537
0.00588800512464635,0.204002270059718,0.0843953941299074,0.112830841856806,0.392128437881046
0.138978668390433,0.121611329661684,0.0944163845459957,0.0801195908733281,0.279304385643655
0.208840978226273,0.127622344610543,0.109272420064232,0.134643336314848,0.102825037495313
0.186462392569263,0.0620313085864267,-0.0483472362498286,0.0908738341367491,0.259296735241503
0.196528635020387,-0.0343825533600076,-0.00332125214430357,0.120074284335852,0.247653887425617
-0.036622375328084,0.232161225402505,-0.055010253962931,-0.0731791310336911,0.34644210751081
-0.0358923230309073,0.275335027279411,0.0326519868156015,0.114825581395349,0.285973581088237
0.284724580836246,0.0424890617403986,0.149180327868852,0.0493522469534464,0.262684042594088
0.0956675181167203,0.192531305903399,0.153468166927788,0.108706605222734,0.383769706229599
0.0104603319962338,-0.0581589299763965,-0.0420955584708265,0.136458755601328,0.150551165739928
0.0738610867232465,0.0457970097487814,-0.0538877952755905,-0.0489083435648321,0.215075260218493
0.218993625796775,-0.1186843832021,-0.021179084137622,-0.0372356253433437,0.259010592425947
0.270524048445138,0.132968300283193,0.0311817466561762,0.19452451256093,0.384497246262785
0.24483132366888,0.0886864260177603,-0.00192275965504312,0.0759235095613048,0.295886703383163
0.0883393191222057,-0.051403175313059,-0.148160999306037,-0.0455966898359939,0.152571428571429
0.0711293719099066,0.115512195121951,0.251296617460296,-0.0225181852268466,0.28419420328297
0.131289419715985,0.108071317994982,-0.000374807987711213,0.025619113355903,0.314841805213398
0.158294666291714,0.196813506261181,-0.0815987052106281,0.209643336314848,0.233151848937844
0.137303677689981,0.224421297477071,0.10001424298533,0.0802958300550747,0.0788852862254025
0.197141177200998,0.0940343079380512,0.00209436572682601,0.0684878048780488,0.229465238697909
0.276534562211982,0.0458971172622868,0.00617172485844372,0.135124105545617,0.320390304882283
0.206217954587072,0.236288786482335,0.191417152147405,0.0352503840245776,0.337997540250447
-0.123311965536366,-0.0354491261346701,0.0347703778557675,0.0702041151106112,0.360409212880143
0.0671509920932964,0.0328201162354706,0.177538807649044,0.129142060367454,0.135756467941507
0.117071105709487,-0.0989984171620608,-0.0905026419184392,-0.0138752236135957,0.108835637480799
0.177808773903262,0.109979023074618,0.104282200357782,0.114463305586856,0.270788458810024
0.11906148113647,0.241202475685234,0.0263492232957882,0.0550519602889566,0.348310748947079
0.120015294487157,0.14280238317896,-0.0503897614507916,0.162091857471887,0.460307461567304
0.11174387110216,0.0789361674684965,-0.0666426696662917,-0.0174833292489456,0.289575664976734
0.28736151803699,0.0358501760586088,0.108288786482335,0.219920122887865,0.251944181005284
0.0636845357993042,0.092556697034309,0.126967741935484,0.117417812896303,0.131389758497317
0.261132760369402,0.0144911886014248,-0.14171521474055,0.0593812946346823,0.341664442427801
0.0556636849392474,0.267493312352478,-0.100170620861661,0.0548720139946461,0.238389260208753
0.127116895177413,0.0191496937758154,-0.0174254992319508,-0.052720847145013,0.377826471379695
0.0872179294967901,0.173597440944882,0.0790971128608924,0.144723215715582,0.139752906976744
0.0370789515827684,0.0137242844364937,0.027932628601452,0.0729874776386404,0.245060582218725
0.162767615556304,0.0233302611367127,0.017431643625192,0.0634133443396835,0.266896325459318
0.254359447004608,-0.124636627906977,0.0815779640207121,0.147192735808902,0.220600687607758
0.266509557475779,0.0413977344471519,0.00420168067226891,0.121688998024876,0.3590745742538
0.010929114490161,0.0353056835637481,-0.0629851064965569,0.139705193100862,0.184635719905586
0.0115581825950719,0.0687188940092166,-0.0436729440455223,-0.0195627403503774,0.411415599049636
0.175454630671166,0.0867620751341682,0.0771256499457599,0.0874285245594301,0.153937455034165
0.0708799222168206,0.186068169119017,0.118900826766068,-0.0101935483870968,0.175555845949932
0.102132701962835,0.0448578557040835,-0.147461841070024,0.0856036866359447,0.19075212174422
0.142495672698662,0.0805727017056868,-0.00621890547263682,0.0642458755155606,0.430174665617624
0.152593917710197,0.243177628916963,0.127555429441127,0.0202234461054288,0.0556855890425924
0.0776611694152924,0.0907629097234939,0.158306135547392,0.0487087551556055,0.362564871410449
0.103990661799796,0.0590338316286389,-0.0875856074570277,-0.00737007874015748,0.346467348544453
0.220631170711057,0.293161290322581,0.121263275956784,0.0978054031529967,0.280517533418788
0.00536651668541432,0.119832677165354,0.0290213723284589,0.249623658783964,0.199590873328088
0.156523434570679,-0.0429351309284014,0.228934697088906,0.0752323292437282,0.275521421084731
0.0669677419354839,0.104755310778914,-0.0412658417697788,-0.0567803379416283,0.289276106460555
0.323032109470261,-0.0305007680491551,0.0159016897081413,0.0419723502304147,0.260554561717352
-0.0200169880710139,0.0715449357447104,0.00664691413237925,0.00450467934126199,0.241661021541796
0.219746646795827,0.0376200737791738,-0.0172120999638447,0.127852991034991,0.269640552995392
0.0954163789029843,0.116195569136746,0.0375418073288704,0.0409191695222737,0.0347048300536673
0.160263170228721,0.063704270166191,-0.0308424196124731,0.112228158980127,0.450949760340849
0.0560734383932377,0.139213517665131,-0.0691829739584044,0.173039794430169,0.382445318646735
0.133204301075269,0.119472872008222,-0.0785019669551534,0.024043132440079,0.342724876756476
0.0743885619085335,0.182376482497013,0.0657749803304484,0.110519201228879,0.211659952389672
0.153214791502754,0.143454724409449,-0.0664484526643472,0.00997849462365591,0.12947336979857
0.164805583250249,0.18252418447694,-0.00117357910906298,0.044302988470486,0.257940260638911
0.094437623445257,0.00776994987129115,0.04558459989013,0.0250201422933537,0.347737008753958
0.109785401764011,0.0963227612180934,0.112952518810854,-0.0729948727339315,0.333835723344064
0.10794607776724,0.163837340977954,-0.0255729646697389,0.349476003147128,0.243945705914668
0.0628166595105195,-0.0762414056531703,0.0199925009373828,0.0505862171260528,0.118940483181791
0.198199910554562,0.0754531490015361,-0.00481580427446569,0.136459480723839,0.282171002566715
0.23965897511963,0.0527204266617836,0.0359165424739195,0.0928129566155485,0.326291368515206
0.14291713535808,0.101952607386797,0.0261409944013399,0.173010895440396,0.277557828481511
0.0946426936458524,0.178078496605674,-0.0874039938556067,0.135131392604249,0.411358027268031
0.0459893048128342,0.197937648782274,0.0567251788908766,0.00964379452568429,0.202392665474061
0.302355867720222,-0.000755620394269255,0.0422409548577263,0.099059237267353,0.203994435283738
-0.0352524480866727,0.0319538546053836,-0.143307139953936,0.0968309357641362,0.269773082502536
0.163460234851632,0.0294331395348837,0.0704853299587552,0.225997349114193,0.288305008944544
0.133078686019862,0.129201905714082,0.0741821334833146,0.0628409758180751,0.119483611060245
0.0413090961962322,0.106230414746544,0.120411658796504,0.1206251247588,0.364171770403077
0.165629005676616,0.0927356066393499,0.0982588865067118,0.00206451612903226,0.350181259600614
0.270417319470161,0.142861863519055,0.0516205005624297,0.0731836297738969,0.285839360922908
0.182155282915217,0.0608792277241475,-0.0646863568622138,0.00906421822452357,0.281096565146384
0.0218805903398927,-0.00635059994146913,0.178082263257032,0.266542879622345,0.288172718458534
0.196228359229145,0.146092352415027,0.0686328725038402,0.0744884178721846,0.305014237099799
0.177511244377811,0.132491551459293,-0.0448245495190353,0.036803956103509,0.243225223973887
0.0337542402393881,0.158365164247517,0.0472572341558672,0.11426113671275,0.242782152230971
0.133327188940092,0.0892094774993229,-0.0261685130928401,0.0606001648049808,0.255789528960773
0.0622476629183037,0.148753536539796,0.0297231970940474,0.157544760029996,0.248635321897354
0.190717978733782,0.215619537309043,0.083766615064325,-0.0503566341252159,0.241301991600054
0.0434681353265145,0.046041543831821,0.00959094381554274,0.0726944220197594,0.166631972215222
0.19689063729347,0.131093347784853,-0.0598722133481492,0.0349126359205099,0.278425070309361
0.249273528308961,0.131430369787569,0.241720706618962,0.0563025210084034,0.334607377355469
0.147852534562212,0.0239342279617079,-0.15004722075835,0.0207977713747286,0.35661394433254
0.217984123434705,0.00860215053763441,0.108711345234611,0.270243617370978,0.408264283098334
0.0337217179244005,-0.0147971503562055,-0.0304252078928051,-0.0100937382827147,0.0537801408362275
0.129270950506187,0.163248162042859,-0.0224335200820642,0.0986679708281977,0.210917424821168
0.100417710944027,0.162706224221972,0.0662868160904296,0.134345806864891,0.164463817022872
0.0377340676632573,0.0681178221742752,-0.0427776527934008,0.102568210950375,0.305242086158117
0.162802972428641,0.0779752530933633,-0.0393364055299539,0.0720837487537388,0.341645160117771
0.0688593559979402,0.100933947772657,-0.00512535592749496,0.2439989621598,0.296652898447515
0.237117556441987,0.036560086709118,0.257658986175115,-0.0546470667931174,0.259757746248071
0.138586939417781,-0.0648514787633334,0.079433129183877,0.123608621067702,0.309270341207349
0.267197600299962,0.0805903398926655,0.0614235962024712,0.174747442958301,0.133954255718035
0.17397825271841,0.141597534683165,0.0829774150268336,-0.0750960817397825,0.344133314416169
-0.0175671666817144,0.273282753014497,0.150396313364055,0.068452380952381,0.289020572450805
0.239400715563506,0.0329774150268336,-0.000458365164247517,-0.0715242171763413,0.289136712749616
0.111084103062713,0.143788104592874,-0.0105441694290026,0.234673072919592,0.185736401003577
0.148580406239479,0.0659467566554181,0.0545069124423963,0.0307149867325797,0.343314806975379
0.242348612673416,0.132600472490407,0.0274347158218126,0.0236160479940008,0.115560461472725
0.186937570303712,0.0882491839711091,-0.06242089093702,0.0648131204850537,0.367157441488992
0.132571764682557,0.115787386578869,0.0270645385149202,0.0135286225402504,0.282983005366726
-0.00569629311578646,0.252633787408773,0.0737997750281215,0.023244094488189,0.268351968886728
0.101360785570408,0.00862134485048956,-0.00259052526119937,0.205704839887748,0.134093714612175
0.135981276323018,0.00556531070139499,0.132196680325023,0.0782469438957989,0.357125281214848
0.0975790576986988,-0.0199914589227566,-0.0193476328476874,0.0581937146822643,0.333759280089989
0.224725822532403,0.142350904799371,-0.014937019969278,0.217472856018883,0.274135507087488
0.078867661718718,0.0407499062617173,0.0519454382826476,0.0166737221592538,0.156638867033832
0.144799370574351,0.185751781027372,-0.0335868016497938,0.00257155635062612,0.341386029524286
0.175364280094414,0.00871125098347757,-0.00242089093701997,0.169739490161002,0.380171064400716
0.32117220398927,0.0446976286394433,0.0552973851781601,-0.0286385451894453,0.253692071558473
0.00508485143206274,0.0705990783410138,0.077120719648416,0.14940710536183,0.215910827140774
0.0129265728058556,-0.0115773805459586,0.0883823933345541,-0.0340482512360374,0.23062980030722
0.0713894571203776,0.105173579109063,-0.112632920884889,0.182596380802518,0.288581341656886
0.069369561735974,0.0241091992954884,-0.0568268668794677,0.175873452271984,0.34326209223847
0.339302587176603,0.116577540106952,0.0507323345259392,-0.0811813643319127,0.214772619984264
0.117592278110723,0.141852256149193,0.085727862254025,0.159407844381802,0.264367693375327
0.216009463983002,0.103911880409127,-0.0163964669051878,0.0738117975950116,0.208450204154092
0.0909861751152074,0.242451779618731,-0.0385120648923241,-0.0280195060242193,0.278039938556068
0.0771722212049075,-0.00616025196177868,0.0986209451456539,0.101007680491551,0.291206599175103
0.216258064516129,0.149431943351692,-0.00185291969399915,0.0876006144393241,0.195115207373272
0.073662073768589,0.0668890770921077,-0.034944699806028,0.0918143194335169,0.308721672621274
0.090937019969278,0.21778177727784,0.0858843917710197,0.127631046119235,0.323871868726543
0.126235465116279,-0.0524385287207431,0.0458911001788909,0.0585916760404949,0.103271914374746
0.240368391451069,0.0478016499950697,0.142097999509873,0.231260839284983,0.303549140367887
0.0779784946236559,0.131882307546537,0.0726059242594676,-0.00390839589818715,0.120280919890108
0.0678373811765616,0.112970814132104,-0.0414214479497457,0.124127617148554,0.369489229101748
0.0667382281379705,0.221343720576286,0.0310232285023693,0.11370935496769,0.22673357177174
0.186685656315986,-0.0111597167584579,-0.00732022029897718,-0.0757761411564406,0.219125609298838
0.038558615263572,-2.45775729646697e-05,0.0998955453149001,0.0598867890860185,0.268261150614092
0.329105540521293,0.0905454587071965,0.0654003750260435,0.236798463821245,0.444625455602883
0.112399285845083,0.131691636851521,0.0620437258463177,-0.0162987439070116,0.147412250264801
0.122660522273425,0.121609831029186,-0.0166033094812165,0.104321007081039,0.260449474189932
0.225992389385948,0.110648963555074,0.186454606440072,0.00145887105824262,0.278364905284148
0.0289896539095404,-0.0178030085623497,0.121618064457059,-0.00377052868391451,0.387406327791464
0.0631978613513272,0.0897125020959358,0.0574639031206335,0.132793659395746,0.221791466869812
0.223878878200786,0.00884110053103827,0.137483783746876,0.187705069124424,0.179033831628639
0.0303886874176007,0.075323584551931,0.0511582127815418,0.074459805896356,0.135020973563555
0.21368356374808,0.015519544431946,0.0249586115966836,0.184137982752156,0.318066657634467
0.246642089093702,0.109959687692008,0.0735196566188665,0.0725098347757671,0.384225657829515
0.0233294679484782,0.0940722253468316,-0.0372510499932258,0.115837962335727,0.185885976188037
0.110365110611174,0.140206519073534,-0.0972191768453909,0.132943872987478,0.27567298105683
0.215854203935599,0.242872316636852,0.010882769472856,0.015853487064117,0.128607234792034
0.140043604651163,0.0688240832699178,-0.202168523714823,0.13357630296213,0.314154716613013
0.0517726574500768,0.0489556243618255,0.0343573439177011,0.0630844436418981,0.305129561078794
0.122109833752449,0.0565344659358319,0.120107002360346,0.0373099284436494,0.313056835637481
0.173047993705743,-0.00134139892430125,0.127926267281106,0.0781431943351691,0.316417818740399
0.203029621297338,-0.0920099960398203,0.0539019103102561,0.0150731158605174,0.29443439846182
0.101855724793667,0.15331660695569,0.107463324312776,0.18835235586772,0.187686215836246
0.194402506765418,0.077022083728492,-0.016616573636754,0.12830709145284,0.418656543172787
0.111494080214123,-0.0629938542581212,0.125756189487771,0.102708521425099,0.255734627618975
0.143659395745834,-0.0243993855606759,-0.0352826611290967,-0.0226463466742629,0.144601182591596
0.196225539062393,0.0888046745197603,-0.0287193722308226,0.169239968528718,0.159726337926231
0.0511785995279308,-0.00746440938822624,-0.077404386951631,0.0165319996337667,0.291867490797972
0.0778175313059034,0.113585253456221,-0.112309827577003,0.0879891101265147,0.208308183916208
0.195063909919903,0.105771934758155,-0.0500474190489094,-0.0182985430361742,0.289141037799756
0.0623686009467181,0.0185946756655418,0.172532402791625,0.156432560870693,0.295618934261124
0.244856887298748,0.0678361413596448,-0.0254158230221222,0.103337803217273,0.210638805400506
0.0475549830637851,0.0356782906672042,0.086973886328725,0.0165071310498597,0.165953453329412
0.0647134534615906,0.00623881932021467,-0.110683139534884,0.11537343470483,0.160668916385452
0.295534678690507,0.211270330577446,0.0476915814319433,0.0961425075527124,0.311332808811959
0.0535496545183579,0.0554165430601953,-0.0396190476190476,0.0933398152649489,0.444221650182902
0.0793325134168158,0.185537354705662,0.0258449521364487,-0.0465460267505901,0.345167718036752
0.179458709229702,0.140279372122119,0.138836091234347,0.109503577817531,0.263529600170822
0.197596994260147,0.0887625461940478,-0.023181422816334,-0.0187866233290606,0.151951102332782
0.189743860142482,0.0301796636717214,0.0968386841278728,0.139349954857976,0.353885451818523
-0.0322939092992569,0.0269073416355707,0.0346806983975126,0.152856619666728,0.205051512130276
-0.070955153422502,0.115128187101612,0.126748349843401,0.0803852179724563,0.225297603160199
0.198610878229353,-0.0394332939787485,0.0509970089730808,0.141106497587252,0.335027367168789
0.147206717236773,0.0777970102281668,-0.0273775778027747,0.168688172043011,0.187594359777809
0.143614951474089,0.0951577092107672,-0.0624704956726986,0.0275546985417374,0.144723839496459
0.144705078902487,0.0945062748364719,0.192081458567679,-0.0118330652501902,0.356573499632405
-0.0121241825850305,0.0319442470945506,0.00917219888903942,-0.0434100897271562,0.217416259302731
0.173691860465116,0.0786212582114551,-0.0561675887253723,0.102470930232558,0.246698162729659
0.15311004784689,0.208035280227794,0.0804473871245277,0.0614141440198114,0.333968161208017
0.106493506493506,-0.0529621297337833,0.0854514605096813,0.11807915921288,0.287616050354052
0.164331797235023,0.00632896905328694,-0.0277604660615093,0.101305646225432,0.170278520849725
0.197925983899821,0.104120545597372,-0.013592273536026,0.0615770903728041,0.254248847926267
0.0751064365500824,0.0860086478407089,0.130142429911647,0.0810514503875869,0.221541014228841
0.160798490521147,-0.128744623776769,0.0532165898617511,0.183722295811769,0.231195291482882
0.182944536379651,0.118772136953955,-0.0566914369053406,0.0263785666551913,0.358440348659259
0.155860988463182,-0.0784025361655374,0.190571705202217,0.146193548387097,0.210867620751342
0.1497087115567,0.325278033794163,0.137861751152074,0.0825995279307632,0.1775256839413
0.0129417416572928,0.154460664490844,-0.0198697380551911,0.118352639726686,0.326474382803787
0.14696062992126,-0.125104999322585,0.119545603674541,0.133768278965129,0.301957255343082
0.231303449463353,0.00596845815784655,-0.00742283731668623,0.073158560117107,0.218176970918746
0.111680947455728,0.142850998463902,-0.0841729584196438,0.0149302507072481,0.308599140988766
-0.0405640222190571,0.106153730783652,0.060655737704918,0.0870392485547022,0.225022571011876
0.0930920535011802,0.190897834414621,0.0542690794649882,0.0373957099549707,0.373335824480863
0.215272808586762,-0.0711929785330948,0.167341234347048,0.0447248781402325,0.275459293394777
0.196500447227191,0.0558218125960061,-0.0941838993685027,0.0252890579305468,0.189414556757942
0.273078419703351,0.051278590176228,0.0919599102507757,0.337191549795846,0.281770883120075
0.079753222677871,0.104206480542358,-0.147692538432696,-0.0300576428918675,0.191455390732209
0.190098154286672,0.208282642089094,0.00705172689905514,0.0205090642739425,0.264985183465567
0.025127037172679,0.124193475815523,-0.0627251593550806,0.0774249055474507,0.32763175721447
0.197870297634634,-0.016046822272216,0.117429887549113,0.310568217509457,0.375826021747282
0.0670640834575261,-0.016001111188277,0.270377880184332,0.159443420401924,0.17549135356622
0.121614164251655,0.0538585020622422,-0.0140531110680364,0.0969078083989501,0.216458912722472
0.0391280073883529,0.127307857449549,0.129186149453235,0.0811363423322085,0.24681205533327
0.125910023376747,0.123865329901097,0.0421463414634146,0.0848906372934697,0.379453636013852
0.144480843184732,0.184335867620751,0.0137645671045472,0.143787297382185,0.295534412111952
0.235669143690534,-0.0502327783476683,0.0200708382526564,0.137494919387617,0.203456402199529
0.209413008989952,0.194875576036866,0.217466561762392,0.0711779804207349,0.173127635723056
0.112219078631292,0.00223173411463102,0.0800983899821109,0.201391826021747,0.285232787035341
0.277192012288786,0.166574500768049,0.0102410648643768,0.0814287962234461,0.382404779344442
0.184957349081365,0.0411289417573785,0.043565518783542,0.070404740608229,0.25990243902439
0.032335452915608,-0.0408262392310249,0.0350023603461841,-0.0617735283089614,0.287682739327804
0.23089400921659,0.11166994827639,0.178506983502062,0.0305534692539841,0.219433037834002
-0.0343024080690305,0.0977151191054934,0.0236087731767229,0.146717540118954,0.200816013550632
0.0326697388632872,0.155565045641382,0.0200430585457323,0.15117650710871,0.177999725682365
0.153108405054019,0.128265851795264,0.056010539809144,0.107137607799025,0.431855125069044
0.277473219190624,-0.00174500768049155,-0.0246533989266547,0.0944113263785395,0.310514619070769
0.235870967741935,0.082863287250384,0.108925425719319,0.201861240363914,0.136010112084199
0.062091292515252,0.144954510729912,0.0614642464750046,-0.117285330948122,0.416224134773851
0.0872670142112404,-0.0492989894784511,-0.068452380952381,0.0487649043869516,0.322902244061053
0.141543382646941,0.129188929508811,0.0303813958287653,0.239250103050826,0.262390582965765
0.139109062980031,0.149050449081728,-0.107618584623932,0.0816103310741819,0.177502812148481
0.0553109334778485,0.072110825091451,0.166704815967771,-0.0239880059970015,0.406414531414531
0.166632170978628,0.230639352791749,-0.0878562054743157,0.17237813059034,0.402641076115486
0.267337323183044,-0.0159985053114824,0.07986782061369,0.00116811703614532,0.139269512946404
-0.0742847778885414,0.0162647337759111,0.233554790026247,0.0386321709786277,0.16140988372093
0.142822418223488,0.095490835923695,0.0209077659258877,0.199901689708141,0.149542242703533
0.0634713856392927,0.0276286179742979,0.132598573473836,0.177588113998552,0.122937164579606
0.217504102131013,0.188431524184477,0.147930727409074,0.0307876849260296,0.279796511627907
0.105900895705993,0.0912635920509936,-0.067002624671916,0.129130343082115,0.340018831177207
0.134842144731909,0.0527490386376122,-0.0408758905136858,0.0944510035419126,0.317191283292978
0.117609154685233,0.00950581177352831,-0.0350405418072741,0.176217072471289,0.243571109123435
0.270903208964348,0.171929362754074,0.041394777265745,0.136572003577818,0.274866555702233
0.0728085867620751,-0.000176159718144451,-0.103434493971007,0.0419323367427223,0.270325094752576
0.123429883764529,0.0349726284214473,0.220396291086864,0.17910936270653,0.217654293381038
0.124226659167604,0.0964884556524054,0.11199967191601,0.109996016122985,0.358730950007122
0.232516129032258,0.134831580633107,-0.0292193475815523,0.0641966205837173,0.270174823514804
0.121574510691591,0.125312352478363,0.135485479868826,-0.0192125984251969,0.171765343449397
0.101526357199056,0.200254265091864,0.116512981904013,0.189445947870674,0.252239363689745
0.263287401574803,0.125526648844594,-0.0830828958739085,0.254778914240755,0.319531879446667
0.159589051368579,0.0588676415448069,-0.0634608173978253,0.101771156235917,0.236456333595594
0.107597271914132,-0.0458097201928198,0.108054464164747,0.0783214300345491,0.388650991216417
0.0114946569178853,-0.0274855643044619,0.00579647917561185,0.0302833239595051,0.251278492499867
0.15057217847769,0.0999593551009348,0.050892415591422,0.124481510621558,0.217688131359027
0.074933633295838,0.283684108507361,-0.00584026996625422,-0.0574772289666662,0.244734364318789
0.12019708245734,-0.0586234927516596,-0.125041586266551,0.0437940526268831,0.291104236970379
0.290260592425947,0.0991004394799487,0.00866847955727303,0.246248218972628,0.360755905511811
0.0559239876234653,0.0886187653666051,-0.211539170506912,0.141562382827147,0.254642089093702
0.215661400069196,0.275580090544427,-0.0305352455943007,0.0747982356716601,0.22869441319835
0.0719478994288155,0.0943424053312212,0.0297832770903637,0.000909475754141119,0.28290794649882
0.195707317073171,0.147950844854071,0.0777333694621325,0.166615737203972,0.244380802517703
0.131512560929884,0.0496276737552909,0.0900927228283877,0.122486542573053,0.347504403992954
0.182118887981997,0.12494528372391,0.0440910547518769,0.0583379551405244,0.0792346690742412
0.0258693941778127,0.170527728085868,-0.0124574428196475,0.086973886328725,0.387038732893939
0.20404349456318,0.160198452664347,0.125489777398174,0.242464577071705,0.357043215296069
0.15004711248276,0.0278463901689708,0.00711053652230123,0.0981848562534334,0.202733676207513
0.171863282714661,0.113404836043517,-0.0377742782152231,0.116763326289919,0.299949441710919
0.0700613690007868,0.146905328694378,-0.058866775870297,0.0433474955277281,0.283193334236553
0.209769740103207,0.0933474955277281,0.013121229915123,0.052814398200225,0.286730469102682
0.221543640608273,0.00877521200617242,-0.115963133640553,0.154501696520161,0.19421236952939
0.0553108228980322,0.122621918974346,-0.0470035778175313,0.0358061270125224,0.278826455955517
0.194560357675112,0.123265916536106,-0.113514428939168,0.0192956342432643,0.245478668036917
0.150887864823349,0.176341329426845,0.0627942371438521,0.0491891638545182,0.130233544059153
0.178396700412448,0.0205720106207654,0.124584036370454,0.0346153846153846,0.231783221763282
0.24765325212689,0.0203264758497317,-0.182304065189526,0.121019677996422,0.314376728647384
0.0749457182263857,0.0584088945067134,-0.093766320087357,0.136433556473437,0.238204382826476
0.0666096947253478,0.0679785936864923,0.207419838606013,0.053431643625192,0.415539170506912
0.151440054368204,0.191916368515206,0.068284869008051,-0.0292986632484893,0.281770737960081
0.103034134007585,-0.0438761685408481,-0.0830146921871747,0.131707317073171,0.207139987373013
0.112233336385277,0.0723669499105546,0.163159558187504,0.0722897919010124,0.316859392575928
0.0908465865685117,0.168048483086104,-0.0549071618037135,0.0831826021747282,0.192415427709545
0.113921828845413,0.129869758286028,0.0378195829106374,0.112377655389457,0.269019969278034
0.114527351708761,0.299594074918103,-0.0817007874015748,0.202171728533933,0.310973886328725
0.108626728110599,0.134614011283296,-0.00601694805948588,0.0543052367479848,0.264601462951816
0.108857123237502,-0.0057971824686941,-0.0284791544333529,0.0460031946662963,0.155705069124424
0.312058933432979,-0.0793875997987902,0.0593295838020247,-0.0683940670206922,0.127214566929134
0.0739993291592129,0.137597542242704,0.10157872334937,0.0458788355625492,0.438057256801026
0.08864191976003,0.262654377880184,0.0251155923823476,-0.0323601446621498,0.182542435373964
0.133343252151621,0.129069124423963,-0.0273473264969786,0.142176540037503,0.312701252236136
0.266390168970814,0.122322600299963,0.00810865736350088,0.0148750937382827,0.288053443649374
0.134141715214741,0.0748072383949646,0.0143832020997375,-0.0234381929841954,0.358912167229096
0.0561046511627907,0.00777673503021425,0.0219422572178478,0.0441112811073918,0.207525161499362
0.210492583775865,-0.0609073865766779,0.0942128327709036,0.0186153637718466,0.207925009373828
-0.00113502985902413,0.106190487090277,-0.0337784171799368,0.183474955277281,0.201400447684096
0.233315499606609,0.2042715317702,-0.0793118279569892,-0.00975609756097561,0.26826420890937
0.179683208203626,0.217751152073733,-0.100317959076796,0.136413276830885,0.383821812596006
0.0465691788526434,0.152989790957705,0.211680539932508,0.162746193653472,0.241620376642731
0.0550180959874115,0.0759617091589398,0.00592003416430897,0.0971266719118804,0.281311493738819
0.194903658386705,0.251247181726365,0.0425145348837209,0.109333333333333,0.457900710683469
0.231475151874734,0.0249319626987915,-0.131469876086028,0.193599060822898,0.055412473200508
0.155563581019205,0.0310971846365665,0.0434107348796019,0.0268091110663173,0.233829646591361
0.095555679785331,0.0746605222734255,0.0379967039003845,-0.00109011627906977,0.272327817531306
0.272669738863287,0.02179114490161,-0.0657489494881482,0.0198709677419355,0.0926095706618963
0.0972965652448698,0.0606692860046064,0.0180856299212598,0.0199073110339312,0.282687651331719
0.113503873877924,-0.00475727481075075,0.121437788018433,-0.0183162863886703,0.230696576151122
0.153280623234577,0.0625899575304865,0.14586953425438,0.188703928771388,0.334050540194104
0.0160238023888009,0.0212377012522361,-0.00387726199842643,0.137031860519685,0.317875761316453
0.107845894263217,0.164958525345622,-0.135096153846154,0.0759844433641225,0.343632827146607
0.291558586762075,-0.0466467348544453,0.0629335042842367,0.173972394075741,0.278709677419355
0.0871780320130012,0.190625,0.0896797900262467,0.106166025647565,0.251551459293395
0.0898617511520737,0.0704026277238601,0.124762047822584,0.0649234521067606,0.292374336202161
0.11062980030722,0.146502689246882,0.111191886881611,-0.0855612525178539,0.220012288786482
0.123350849731664,0.176799272512134,0.0358062628036289,0.132619984264359,0.439950844854071
0.0175186200902156,0.0852368729927384,-0.0538573345259392,0.082826420890937,0.216874540506378
0.156079490063742,0.235147570418584,0.0995664544099715,0.145194332539828,0.125924300068286
0.166262298747764,0.0739940387481371,0.0547186084243988,-0.0143985952589991,0.273935483870968
0.146001190258194,0.0116862713092093,0.00896500903770723,0.0698646765274468,0.28654653840943
0.0573426573426573,0.222071241094863,0.0529936785616332,0.121557828481511,0.129658986175115
0.122375015362766,0.0376285778175313,-0.0527392665474061,0.13167299400075,0.331125614270421
0.221175478065242,0.0348828210651223,0.0338896699384762,0.116406330029971,0.183409599641018
0.143086567026082,0.0786140089418778,0.0486734639406395,0.138228815148106,0.36487708295184
0.138648340692209,0.0650316131587213,0.0775452399685287,0.136309385625913,0.278478525944994
0.134541224832381,0.0578187403993856,-0.146932006633499,0.0923431973671633,0.217588660230237
0.195634819178411,0.0332514813430844,0.122910322413252,0.0558396239851873,0.231523030493384
0.305745766363912,0.138645669291339,-0.0475416590368064,0.16078919129841,0.36218487394958
0.107747319451954,0.148164255630837,0.0269403759658632,0.137252586985207,0.276215053763441
-0.0737435090479937,0.0131890044153255,0.00753524550315994,0.058605222734255,0.183414634146341
0.105408698912636,0.0227120835296309,-0.0274765205724508,0.0587999786473069,0.175529788084766
0.250234123500146,0.037372962827321,-0.0218222612428056,-0.0010428383952006,0.0846900909057865
0.202016143759816,0.126236559139785,-0.0123748079877112,0.137817317278932,0.305153262092238
0.0246017295561114,-0.00449803549654518,0.118784717517951,0.0939047619047619,0.394480328831474
0.139538558786346,-0.0332480818414322,0.0835208659735081,-0.00461225050357077,0.352854330708661
0.214449756280465,-0.00771949284802208,0.00886860739575137,0.13623997000375,0.141477606363103
0.100394450693663,0.0251490015360983,-0.0214250562429696,0.0618744962814091,0.256503840245776
0.178384701912261,0.0991522224829373,-0.0176460009890752,0.0576156634120545,0.354450932915539
0.173593372568328,0.122147842187723,0.00699180289377155,0.0442398370261857,0.231324116743472
0.105166178355613,0.156881708407871,0.0963606887298748,0.0999216635806865,0.347406082289803
0.193909532961009,0.0458240161001789,0.0313694684472375,-0.0010462819623125,0.282312304007764
-0.0327870451663252,0.284485654590394,0.0990444669833983,0.00399685287175452,0.261901690936529
0.21511811023622,0.0396786419687183,-0.0730121174670628,0.135956989247312,0.39992852455943
0.114229156963205,0.147657066205776,0.0938599527930763,0.206733923884514,0.161643611137664
0.133825194492129,0.0764617691154423,-0.111171978569785,0.047310001619187,0.217251869502016
0.232448177753692,0.260042890014766,-0.0140218070699354,0.0698286446378049,0.261207494795281
-0.0231698649609097,0.0569275644141954,0.184952687542679,0.0093798275215598,0.260888762284575
0.350677130356275,0.0949104229276032,0.112819881889764,0.123551459293395,0.222149694793046
0.191633889540171,0.0919806899137608,0.00830613237030349,-0.0466071635861784,0.295186745697351
-0.0360574400076332,0.0585044056992876,0.052458286464192,0.247364280094414,0.347118748318149
0.21874414135733,-0.0169632249518633,-0.031375879400306,0.128383067314365,0.298623191723128
0.0313680979221215,0.115745437362245,0.0763101784311525,0.126513666243801,0.290454760031471
0.0905511811023622,0.099405192761605,0.0640269966254218,0.12943682039745,0.240925005087319
-0.00597263698867977,0.0145871766029246,-0.0875222628421447,-0.00169604937934425,0.162265672243499
0.26858485026424,0.115655464941882,0.0867971819536648,0.119628046494188,0.234132153590177
0.0943412073490814,0.0611887108472082,0.0712528121484814,-0.0382227274379504,0.283876579381066
-0.0164020572450805,0.121074436916316,0.192521219238776,0.131711213517665,0.25628168622821
0.23430797551265,0.0753120239507503,-0.0739902386152977,0.0905640222190571,0.141760777833918
0.268866268866269,-0.100243869394391,-0.0510566179227597,0.0372448534271001,0.343572470310438
0.128619626529553,0.173351331083615,0.0218235286530549,0.177851073345259,0.335253296321999
0.19373886328725,0.162851652164629,-0.0411981566820276,-0.0126621198568873,0.158833145856768
0.0606356279317308,0.0208357359781648,0.00815131451423674,-0.0100757405324334,0.264314109067117
0.196448443944507,-0.17553551834359,0.126792291677788,0.0786032694360272,0.311293119610049
0.226303027176226,0.0827140773664838,0.00241556270053962,0.137493282129682,0.258693998678288
0.156324566947415,0.103094113235846,0.012953812555009,0.17563025210084,0.275442739079103
0.273856767904012,0.160501986917751,-0.0122621391076115,0.128629425649095,0.114809706537028
0.0421593332041093,0.27727865775499,-0.14852841781874,0.0545494271395212,0.300338702931005
0.0727678992918961,-0.174728560188828,-0.17388512981904,0.0195718303392068,0.489311611520026
0.182007858013819,-0.0754593175853018,0.120786165705952,0.0434173438062791,0.323278952881657
0.132178187403994,0.0692409195082992,-0.0503514553003948,0.148211624441133,0.110038273830016
0.128857334525939,0.131594020456334,-0.0719811172305271,0.082804114490161,0.256866359447005
0.110353393325834,-0.0251932615398365,0.0720015294487157,0.116115537256172,0.270317210348706
0.180020378425164,0.112830896137983,0.147655913978495,0.061180679785331,0.203108228980322
0.161098443541192,0.0905497792337274,0.0580858158126353,0.0474964594807238,0.306904069767442
0.156253627581226,0.108501558054464,0.0509097170406933,0.166384024577573,0.319452739773595
0.137594991759751,0.141954911886014,0.0370722086270499,0.0418139112795601,0.329142441860465
0.0760262638125234,0.0641781874039938,0.120610542879622,0.083371314627546,0.30121044546851
0.158797744063144,0.128416947881515,-0.0351343333634288,-0.000930186161922219,0.293569487498122
0.140787500986349,-0.0293772361359571,0.0242936541534092,0.235424075531078,0.240142652616373
0.121511520737327,-0.00904431615783439,0.126821307035211,-0.063473784040103,0.208706600004626
0.277442978533095,0.0734812763230178,-0.0164709411323585,-0.00170821544867346,0.2934856587263
0.238704076671991,0.174226336138751,0.192249461768178,0.110190572785993,0.379269334852585
0.155546145394616,0.25054870613738,0.0585636713056713,0.218296152613335,0.302654533212271
0.103703972956272,0.163889282996479,0.116410684856253,0.00904484657749803,0.174430894864057
0.0277021398626227,0.0285652841781874,-0.034338100629784,0.153901910310256,0.188326068616423
-0.00872093023255814,0.215034120734908,-0.00548954818147732,0.0929950600404999,0.180922672253413
0.135889718000366,0.0187769497562805,-0.092015458356662,0.12449409913454,0.212857448914008
0.164100581177353,0.0992173524150269,-0.0397236146863569,0.0654318781000044,0.407288749016522
0.108257523436906,0.0550592576028623,0.119660110149489,0.0394020456333595,0.262600626118068
0.225397324940991,0.172913493950383,0.129657620922385,0.14509329155391,0.240285869123425
0.0601815472158244,0.0626221107137138,0.0526328725038402,0.0228094671305622,0.332434629454003
0.111152073732719,0.188769007155635,0.174569841484894,0.114264786669108,0.128954175059513
0.199104180037963,0.108330685598881,0.120206462869398,0.0669142407553108,0.291350299962505
0.182239490161002,0.11021243115657,-0.00146327187591455,0.00484061393152302,0.17066471342245
0.0692934697088906,0.098700553055868,0.0885459317585302,0.185180008944544,0.416995391705069
0.205919572553431,0.137450076804915,0.00179860329958755,0.0621147359652597,0.337615975422427
0.157099309036716,0.0247316636851521,-0.0411818522684664,0.14493381267186,0.323188601424822
0.221891424075531,0.00984421715184894,-0.0170371655053509,0.0210496446582657,0.171296617820682
0.116868492783413,0.0714132685853031,0.0641872283344727,0.124259973429983,0.32690794649882
0.16578469719048,0.170868347338936,0.0459684700326411,0.0776249830646254,0.229221539362014
0.0358548931383577,0.0378948230892133,-0.109279964221825,0.144958525345622,0.261437788018433
0.23530558680165,0.0476475216365067,-0.0336493501772845,0.0469861751152074,0.213398814925532
0.192926884139483,0.1853773778148,0.0178556067588326,-0.01053383952006,0.312903673866241
0.187299273838852,0.144062318538889,0.0742331192311104,0.0208237366210541,0.258298003072197
0.107049118860142,0.0770294338207724,0.0941403603847717,0.160961938824534,0.172204037722029
0.14853000948381,0.0300325628569903,-0.0193708829596114,0.187631785995279,0.313003570774583
0.158659436493739,0.0932727899414048,0.0781138339090708,0.0406364169129291,0.20157910906298
-0.0815933578227205,0.00194731595406192,-0.0266058221872541,-0.0165369328833896,0.2951978980322
0.198143194335169,0.171870967741935,0.0758503479216261,0.228250635229779,0.382943596754846
0.267004608294931,0.0900517435320585,0.204487439070116,0.080004361891607,0.178750590086546
0.100190071556351,0.258125960061444,0.0763360912343471,0.180882485715391,0.28847158159222
0.0166820276497696,0.0152350956130484,0.113026690150386,-0.0658842612470779,0.286880155605549
0.0989416761119229,-0.0405540592535591,0.0134934078007691,0.0789299763965381,0.200721880792118
0.296768730524319,0.0653902057245081,-0.152408384144441,0.195528400210164,0.243946731234867
0.277633359559402,0.0774509803921569,-0.0552308591466978,0.0439527930763179,0.295819962036898
0.158093105190567,0.135413565663876,0.0746936632920885,-0.0266020835735978,0.250687440321832
0.138950871264397,-0.0203389830508475,0.0233793438820933,0.0675880269463157,0.308160503540519
0.197742409055935,0.113280307711626,0.00275246991888671,0.0277458383973562,0.149586745088994
0.099478390461997,0.168018134891914,0.103306067268432,0.0797042357136623,0.346773059617548
0.124990633757437,0.0798331349569676,0.0495543717996672,0.111314847942755,0.317986043780469
0.251994017946162,0.1892871754524,0.0904799370574351,0.173872797150356,0.255858946743883
-0.0268998146522291,0.113321779964222,0.0889758497316637,0.0175984443364122,0.237329845726792
0.224987806067701,-0.00924791373773071,0.0428616422947132,0.0437248214612708,0.34200307219662
0.067386624071116,0.0968400583373845,0.0447898032200358,0.171499492873539,0.237349688223884
0.130252100840336,0.0114465267646729,0.0273708698338846,0.00744218441655596,0.315635872550815
0.26299446944132,0.0620399385560676,0.0595607686808972,0.136549642218247,0.251396264420436
0.203389611897177,0.168652746531684,0.159594470046083,0.00056050819409598,0.330750605326877
0.111550019326924,-0.0243064064696702,-0.0405902312001894,0.0306127012522361,0.184974925009374
0.0676574762136259,0.173159677496303,0.028337672773189,0.138321530891776,0.234729658792651
0.00876804915514593,-0.0686694495268772,0.021468509984639,0.198989113246342,0.343744409660107
