"","Estimate/EDF","t/F","FDR-corrected p-value"
"sexM",0.0108094829787452,1.45625022735689,0.418044113684489
"meanfwd",0.0140219973288422,1.19062639598689,0.481900486394974
"ti(Factor1)",1.69068632995575,0.676321724887869,0.628482409493482
"ti(scan_age,Factor1)",1.00010737173854,0.769442473299219,0.51968826752068
"ti(Factor2)",0.999999999939946,0.0299225702843325,0.937077566337854
"ti(scan_age,Factor2)",1.00005565099646,0.672840115205828,0.530232463111365
"ti(Factor3)",1.00000014216792,0.00797960075709173,0.941933021824556
"ti(scan_age,Factor3)",1.0000003521823,1.21104208824915,0.501330888499027
"ti(scan_age)",1.00000039551272,0.140168959332525,0.835957486852307
